startTime,blockName,league,match_id,type,team_1_name,team_1_code,team_1_result,team_2_name,team_2_code,team_2_result,format,games
2024-03-09T16:00:00Z,Week 1,LEC,111997906552170246,normal,Team Vitality,VIT,1,Team Heretics,TH,0,bestOf_1,"[['111997906552170247', [{'parameter': 'JlLMX81CDNM'}, {'parameter': 'bHLFKdLCWYA'}]]]"
2024-03-09T17:00:00Z,Week 1,LEC,111997906552104652,normal,Fnatic,FNC,1,Rogue,RGE,0,bestOf_1,"[['111997906552104653', [{'parameter': 'u7u4P31NkHE'}, {'parameter': 'k790cCWI-jU'}]]]"
2024-03-09T18:00:00Z,Week 1,LEC,111997906552104656,normal,Team BDS,BDS,0,G2 Esports,G2,1,bestOf_1,"[['111997906552104657', [{'parameter': 'vA1IMdEsSCc'}, {'parameter': '-n_AWHR96_U'}]]]"
2024-03-09T19:00:00Z,Week 1,LEC,111997906552104672,normal,Karmine Corp,KC,1,GIANTX,GX,0,bestOf_1,"[['111997906552104673', [{'parameter': '6P57zZjg1Dg'}, {'parameter': 'fxigfNDnivk'}]]]"
2024-03-09T20:00:00Z,Week 1,LEC,111997906552170250,normal,MAD Lions KOI,MDK,1,SK Gaming,SK,0,bestOf_1,"[['111997906552170251', [{'parameter': 'qDNqLbi5qvw'}, {'parameter': 'WfJc26uY3ss'}]]]"
2024-03-10T16:00:00Z,Week 1,LEC,111997906552170228,normal,Team Vitality,VIT,1,Team BDS,BDS,0,bestOf_1,"[['111997906552170229', [{'parameter': 'En21qGcsjlk'}, {'parameter': 'zEeS0KhvPQU'}]]]"
2024-03-10T17:00:00Z,Week 1,LEC,111997906552104644,normal,Team Heretics,TH,1,Rogue,RGE,0,bestOf_1,"[['111997906552104645', [{'parameter': '6n8spYy2E24'}, {'parameter': 'eDEzSzDSCmg'}]]]"
2024-03-10T18:00:00Z,Week 1,LEC,111997906552170218,normal,Fnatic,FNC,1,Karmine Corp,KC,0,bestOf_1,"[['111997906552170219', [{'parameter': '4vAAN7u455A'}, {'parameter': 'aYvjhrVaQsk'}]]]"
2024-03-10T19:00:00Z,Week 1,LEC,111997906552170236,normal,GIANTX,GX,0,SK Gaming,SK,1,bestOf_1,"[['111997906552170237', [{'parameter': 'uVOuWzl5pE0'}, {'parameter': 'x27llL7fkno'}]]]"
2024-03-10T20:00:00Z,Week 1,LEC,111997906552104662,normal,MAD Lions KOI,MDK,0,G2 Esports,G2,1,bestOf_1,"[['111997906552104663', [{'parameter': '-Eo7gtqhzXY'}, {'parameter': '8xEx-EfuvSg'}]]]"
2024-03-11T16:00:00Z,Week 1,LEC,111997906552104640,normal,Rogue,RGE,0,Team BDS,BDS,1,bestOf_1,"[['111997906552104641', [{'parameter': 'v2_5vho7bX4'}, {'parameter': 'Hl15wDOFg-A'}]]]"
2024-03-11T17:00:00Z,Week 1,LEC,111997906552170256,normal,SK Gaming,SK,1,Team Vitality,VIT,0,bestOf_1,"[['111997906552170257', [{'parameter': 'jOMopW9u2dU'}, {'parameter': '0cgvdsvu6XI'}]]]"
2024-03-11T18:00:00Z,Week 1,LEC,111997906552170234,normal,GIANTX,GX,1,MAD Lions KOI,MDK,0,bestOf_1,"[['111997906552170235', [{'parameter': 'MEmgQLSoIsc'}, {'parameter': '-3RLGjU8UOc'}]]]"
2024-03-11T19:00:00Z,Week 1,LEC,111997906552170248,normal,Team Heretics,TH,1,Fnatic,FNC,0,bestOf_1,"[['111997906552170249', [{'parameter': 'tjuqLLOjA0Q'}, {'parameter': 'QwfGsPVmXOY'}]]]"
2024-03-11T20:00:00Z,Week 1,LEC,111997906552104654,normal,G2 Esports,G2,1,Karmine Corp,KC,0,bestOf_1,"[['111997906552104655', [{'parameter': '1qejug4iRgg'}, {'parameter': 'cVSRY3wkMII'}]]]"
2024-03-16T16:00:00Z,Week 2,LEC,111997906552170226,normal,SK Gaming,SK,0,Team BDS,BDS,1,bestOf_1,"[['111997906552170227', [{'parameter': '6I8ildGUkzA'}, {'parameter': 'SagGohZrKXs'}]]]"
2024-03-16T16:45:00Z,Week 2,LEC,111997906552170240,normal,GIANTX,GX,0,Fnatic,FNC,1,bestOf_1,"[['111997906552170241', [{'parameter': 'agPyCGzKY88'}, {'parameter': 'Sr3EqOIzVA4'}]]]"
2024-03-16T17:30:00Z,Week 2,LEC,111997906552104660,normal,G2 Esports,G2,1,Team Heretics,TH,0,bestOf_1,"[['111997906552104661', [{'parameter': '9hC95EzG_UE'}, {'parameter': 'VXCIT7Ocw9w'}]]]"
2024-03-16T18:15:00Z,Week 2,LEC,111997906552170252,normal,MAD Lions KOI,MDK,0,Team Vitality,VIT,1,bestOf_1,"[['111997906552170253', [{'parameter': '4doUDVAzfN4'}, {'parameter': 'cTDbjk3Q34U'}]]]"
2024-03-16T19:00:00Z,Week 2,LEC,111997906552104638,normal,Karmine Corp,KC,0,Rogue,RGE,1,bestOf_1,"[['111997906552104639', [{'parameter': 'wvrQpFkfBAE'}, {'parameter': 'xmryq9WDTOY'}]]]"
2024-03-17T16:00:00Z,Week 2,LEC,111997906552170220,normal,GIANTX,GX,0,Team BDS,BDS,1,bestOf_1,"[['111997906552170221', [{'parameter': '7hZQbbe7HOg'}, {'parameter': 'NBRmrEowgDw'}]]]"
2024-03-17T16:45:00Z,Week 2,LEC,111997906552104650,normal,Rogue,RGE,0,Team Vitality,VIT,1,bestOf_1,"[['111997906552104651', [{'parameter': '_7A6dxLVb1Y'}, {'parameter': 'wjpcjZZOrMI'}]]]"
2024-03-17T17:30:00Z,Week 2,LEC,111997906552170212,normal,MAD Lions KOI,MDK,0,Karmine Corp,KC,1,bestOf_1,"[['111997906552170213', [{'parameter': 'kWots5UUAho'}, {'parameter': 'uSbTWoKzKdA'}]]]"
2024-03-17T18:15:00Z,Week 2,LEC,111997906552170244,normal,Team Heretics,TH,1,SK Gaming,SK,0,bestOf_1,"[['111997906552170245', [{'parameter': 'afYz85v25g0'}, {'parameter': 'U4-8-F7p82o'}]]]"
2024-03-17T19:00:00Z,Week 2,LEC,111997906552104668,normal,Fnatic,FNC,1,G2 Esports,G2,0,bestOf_1,"[['111997906552104669', [{'parameter': 'DiguuTkNhCQ'}, {'parameter': 'w-T7Mq5vn90'}]]]"
2024-03-18T16:00:00Z,Week 2,LEC,111997906552170222,normal,Team BDS,BDS,0,Team Heretics,TH,1,bestOf_1,"[['111997906552170223', [{'parameter': 'IF7lBK3axp4'}, {'parameter': 'K5D9dIXhoSI'}]]]"
2024-03-18T16:45:00Z,Week 2,LEC,111997906552170260,normal,Team Vitality,VIT,0,Fnatic,FNC,1,bestOf_1,"[['111997906552170261', [{'parameter': 'SLmW9S6kkiM'}, {'parameter': 'l66jW0aU6nM'}]]]"
2024-03-18T17:30:00Z,Week 2,LEC,111997906552104658,normal,G2 Esports,G2,1,GIANTX,GX,0,bestOf_1,"[['111997906552104659', [{'parameter': '3lC3EYe6ToA'}, {'parameter': 'ckydLKfeNQI'}]]]"
2024-03-18T18:15:00Z,Week 2,LEC,111997906552104646,normal,Rogue,RGE,0,MAD Lions KOI,MDK,1,bestOf_1,"[['111997906552104647', [{'parameter': 'LWzSyYJaYQs'}, {'parameter': 'h9n-6kXlfqs'}]]]"
2024-03-18T19:00:00Z,Week 2,LEC,111997906552170214,normal,SK Gaming,SK,1,Karmine Corp,KC,0,bestOf_1,"[['111997906552170215', [{'parameter': 'Rdq_5fu3a2A'}, {'parameter': '2xJ_3781hAU'}]]]"
2024-03-22T16:00:00Z,Week 3,LEC,111997906552104642,normal,GIANTX,GX,1,Rogue,RGE,0,bestOf_1,"[['111997906552104643', [{'parameter': 'jXkT6VknbLQ'}, {'parameter': 'EO1683q_850'}]]]"
2024-03-22T16:45:00Z,Week 3,LEC,111997906552170230,normal,Team BDS,BDS,1,Fnatic,FNC,0,bestOf_1,"[['111997906552170231', [{'parameter': 'rWPKnHGhFPs'}, {'parameter': '5Cq9P8BA_to'}]]]"
2024-03-22T17:30:00Z,Week 3,LEC,111997906552104664,normal,G2 Esports,G2,1,SK Gaming,SK,0,bestOf_1,"[['111997906552104665', [{'parameter': 'EIBS2_MBFUM'}, {'parameter': 'pvz_ZeUgZD8'}]]]"
2024-03-22T18:15:00Z,Week 3,LEC,111997906552170242,normal,MAD Lions KOI,MDK,0,Team Heretics,TH,1,bestOf_1,"[['111997906552170243', [{'parameter': 'ZX2OQ6DVRP8'}, {'parameter': 'MN2PbR9jy6w'}]]]"
2024-03-22T19:00:00Z,Week 3,LEC,111997906552170216,normal,Team Vitality,VIT,1,Karmine Corp,KC,0,bestOf_1,"[['111997906552170217', [{'parameter': 'lLMsbYqUeBk'}, {'parameter': 'pa6r3W0RceI'}]]]"
2024-03-23T16:00:00Z,Week 3,LEC,111997906552170258,normal,SK Gaming,SK,0,Fnatic,FNC,1,bestOf_1,"[['111997906552170259', [{'parameter': 'Zx9hXYu4QOw'}, {'parameter': 'pNeZotww20I'}]]]"
2024-03-23T16:45:00Z,Week 3,LEC,111997906552170238,normal,Team Vitality,VIT,0,GIANTX,GX,1,bestOf_1,"[['111997906552170239', [{'parameter': 'JtO_1AnI604'}, {'parameter': '4KHsMuac2g4'}]]]"
2024-03-23T17:30:00Z,Week 3,LEC,111997906552170224,normal,Team BDS,BDS,0,MAD Lions KOI,MDK,1,bestOf_1,"[['111997906552170225', [{'parameter': '8s8rud6SiFc'}, {'parameter': 'm2Ac8_wZGS8'}]]]"
2024-03-23T18:15:00Z,Week 3,LEC,111997906552039100,normal,Rogue,RGE,1,G2 Esports,G2,0,bestOf_1,"[['111997906552039101', [{'parameter': 'LKbuT5qEblw'}, {'parameter': 'x4xZCywV6sU'}]]]"
2024-03-23T19:00:00Z,Week 3,LEC,111997906552104674,normal,Karmine Corp,KC,0,Team Heretics,TH,1,bestOf_1,"[['111997906552104675', [{'parameter': 'Xurg850ppHY'}, {'parameter': 'FnSMhWlifnE'}]]]"
2024-03-25T16:00:00Z,Week 3,LEC,111997906552170232,normal,Team Heretics,TH,0,GIANTX,GX,1,bestOf_1,"[['111997906552170233', [{'parameter': 'yUT5_qhma3Q'}, {'parameter': 'phiz_QKgQpA'}]]]"
2024-03-25T16:45:00Z,Week 3,LEC,111997906552104648,normal,Rogue,RGE,1,SK Gaming,SK,0,bestOf_1,"[['111997906552104649', [{'parameter': 'HcsaMGuy7Pk'}, {'parameter': 'xyOKxVihE-A'}]]]"
2024-03-25T17:30:00Z,Week 3,LEC,111997906552170254,normal,Fnatic,FNC,0,MAD Lions KOI,MDK,1,bestOf_1,"[['111997906552170255', [{'parameter': 'iVeAUu1lXps'}, {'parameter': 'LjCFmlY782w'}]]]"
2024-03-25T18:15:00Z,Week 3,LEC,111997906552104666,normal,G2 Esports,G2,0,Team Vitality,VIT,1,bestOf_1,"[['111997906552104667', [{'parameter': 'l6v1ZWJXyDQ'}, {'parameter': 'rcZabHSAc2U'}]]]"
2024-03-25T19:00:00Z,Week 3,LEC,111997906552104670,normal,Karmine Corp,KC,0,Team BDS,BDS,1,bestOf_1,"[['111997906552104671', [{'parameter': '0v3gTfHYIYQ'}, {'parameter': 'UWkHqHPUmj4'}]]]"
2024-03-25T19:45:00Z,Week 3,LEC,112158029082863928,tiebreaker,Rogue,RGE,0,SK Gaming,SK,1,bestOf_1,"[['112158029082863929', [{'parameter': 'WNsL8uo9jLY'}, {'parameter': '0BQQg_zhP4U'}]]]"
2024-03-30T16:00:00Z,playoffs,LEC,111997906552170270,normal,Team Vitality,VIT,2,SK Gaming,SK,1,bestOf_3,"[['111997906552170271', [{'parameter': '6Rq9XmSHflo'}, {'parameter': '6nPiYh556yc'}]], ['111997906552170272', [{'parameter': 'BsONF-9Dzh8'}, {'parameter': 'ORl9v6sQk0w'}]], ['111997906552170273', [{'parameter': 'AJD9UjO9OiM'}, {'parameter': 'hli8MTdaEu4'}]]]"
2024-03-30T19:00:00Z,playoffs,LEC,111997906552170262,normal,Fnatic,FNC,2,GIANTX,GX,0,bestOf_3,"[['111997906552170263', [{'parameter': 'pK7ExR4AB-A'}, {'parameter': '5Ik8bSyX0Y0'}]], ['111997906552170264', [{'parameter': 'pQasPoqVzp4'}, {'parameter': 'MFRUQoPZ8jQ'}]], ['111997906552170265', []]]"
2024-03-31T15:00:00Z,playoffs,LEC,111997906552170274,normal,Team Heretics,TH,0,Team BDS,BDS,2,bestOf_3,"[['111997906552170275', [{'parameter': 'X_ZneNqfm14'}, {'parameter': 'NC4x8q1D9TY'}]], ['111997906552170276', [{'parameter': 'Jai9xWKCTzc'}, {'parameter': 'TdWoGH54z_M'}]], ['111997906552170277', []]]"
2024-03-31T18:00:00Z,playoffs,LEC,111997906552170266,normal,G2 Esports,G2,2,MAD Lions KOI,MDK,0,bestOf_3,"[['111997906552170267', [{'parameter': 'IdKWCtmRSkw'}, {'parameter': 'WuFEBNoE840'}]], ['111997906552170268', [{'parameter': '9amcJ2EQsbY'}, {'parameter': 'Z7tsJA3eKas'}]], ['111997906552170269', []]]"
2024-04-01T15:00:00Z,playoffs,LEC,111997906552170282,normal,Team Vitality,VIT,1,Team BDS,BDS,2,bestOf_3,"[['111997906552170283', [{'parameter': 'nSh2evnEFjc'}, {'parameter': 'dAqWUUqyxW8'}]], ['111997906552170284', [{'parameter': 'WvyvyrG3k2s'}, {'parameter': 'BHgc6sSVyps'}]], ['111997906552170285', [{'parameter': 'GYsNzWkWbGM'}, {'parameter': 'ZrdmmjqANPU'}]]]"
2024-04-01T18:00:00Z,playoffs,LEC,111997906552170278,normal,Fnatic,FNC,0,G2 Esports,G2,2,bestOf_3,"[['111997906552170279', [{'parameter': 'Kf1Mtj0RyRk'}, {'parameter': '59KAvAyvQes'}]], ['111997906552170280', [{'parameter': '7KC57mFdLtY'}, {'parameter': '8Sg08SgPDrU'}]], ['111997906552170281', []]]"
2024-04-02T15:00:00Z,playoffs,LEC,111997906552170290,normal,Team Heretics,TH,2,SK Gaming,SK,1,bestOf_3,"[['111997906552170291', [{'parameter': 'o4Iaa5Ua_Ps'}, {'parameter': 'zGZV2-G0_h4'}]], ['111997906552170292', [{'parameter': 'yzm0DmbQBYE'}, {'parameter': 'xo5oGdrfgIw'}]], ['111997906552170293', [{'parameter': 'JW_hp5f71ls'}, {'parameter': 'GM9CNiTxI-w'}]]]"
2024-04-02T18:00:00Z,playoffs,LEC,111997906552170286,normal,GIANTX,GX,1,MAD Lions KOI,MDK,2,bestOf_3,"[['111997906552170287', [{'parameter': 'oQEXmo6YkTY'}, {'parameter': 'UcpAWSazBgk'}]], ['111997906552170288', [{'parameter': 'ykWHs9LgpKY'}, {'parameter': 'zoOHo616RaU'}]], ['111997906552170289', [{'parameter': '_FbO2x1GYxY'}, {'parameter': 'WrTEpL1om2g'}]]]"
2024-04-06T15:00:00Z,playoffs,LEC,111997906552170298,normal,Fnatic,FNC,2,Team Heretics,TH,1,bestOf_3,"[['111997906552170299', [{'parameter': 'moA5_K6j1D8'}, {'parameter': '_ogEgtgOs2M'}]], ['111997906552170300', [{'parameter': 'GpLH99oJ7cA'}, {'parameter': 'IaDM2TJgpnU'}]], ['111997906552170301', [{'parameter': '96IbsF7Bbxo'}, {'parameter': 'vSM9K_QnzCA'}]]]"
2024-04-06T17:00:00Z,playoffs,LEC,111997906552170294,normal,Team Vitality,VIT,2,MAD Lions KOI,MDK,0,bestOf_3,"[['111997906552170295', [{'parameter': 'qYDKy_izAgU'}, {'parameter': 'GWLPkfSHfWQ'}]], ['111997906552170296', [{'parameter': 'AAHsGPqTKnc'}, {'parameter': 'A1c0DTpopyw'}]], ['111997906552170297', []]]"
2024-04-07T15:00:00Z,playoffs,LEC,111997906552170302,normal,G2 Esports,G2,3,Team BDS,BDS,1,bestOf_5,"[['111997906552170303', [{'parameter': 'oua3O_3LkJ4'}, {'parameter': 'Tp8KNaE9x38'}]], ['111997906552170304', [{'parameter': 'hp-dqnSylK0'}, {'parameter': 'Y2QDEy-qhdE'}]], ['111997906552170305', [{'parameter': 'm7QIX_GBpTw'}, {'parameter': 'jy8l7yCkE0I'}]], ['111997906552170306', [{'parameter': 'URRhCpvipGc'}, {'parameter': '98gDPXKJWLI'}]], ['111997906552170307', []]]"
2024-04-08T15:00:00Z,playoffs,LEC,111997906552170308,normal,Fnatic,FNC,3,Team Vitality,VIT,1,bestOf_5,"[['111997906552170309', [{'parameter': 'nKEoRGpbvU4'}]], ['111997906552170310', [{'parameter': '9HxoexXRChE'}]], ['111997906552170311', [{'parameter': 'KyJyRxW3U4Y'}]], ['111997906552170312', [{'parameter': 'NLYXepaCtSI'}]], ['111997906552170313', []]]"
2024-04-13T15:00:00Z,playoffs,LEC,111997906552170314,normal,Team BDS,BDS,2,Fnatic,FNC,3,bestOf_5,"[['111997906552170315', [{'parameter': 'rCYwYNZ_M6Q'}, {'parameter': 'tSmBFvUmXT0'}]], ['111997906552170316', [{'parameter': 'qU1SCWgdj6g'}, {'parameter': '8zmWNoW_9HM'}]], ['111997906552170317', [{'parameter': 'TOCUTUrbqVY'}, {'parameter': 'vYza1ekhi-Y'}]], ['111997906552170318', [{'parameter': 'AexZ-SbMbXw'}, {'parameter': 'qr0GhGIfhGk'}]], ['111997906552170319', [{'parameter': 'antUwDp0sbU'}, {'parameter': 'Nzr7Y1494h0'}]]]"
2024-04-14T15:00:00Z,Finals,LEC,111997906552170320,normal,G2 Esports,G2,3,Fnatic,FNC,1,bestOf_5,"[['111997906552170321', [{'parameter': '03L5lXts9wQ'}, {'parameter': 'R19CP8IbJNc'}]], ['111997906552170322', [{'parameter': '5VKyBnNrs0k'}, {'parameter': 'dRV1VBS5G-A'}]], ['111997906552170323', [{'parameter': 'LHf7gN0wfXY'}, {'parameter': '7Bi4OJEXkRI'}]], ['111997906552170324', [{'parameter': 'gmm2gBZE5oI'}, {'parameter': 'byBtxjvPw-c'}]], ['111997906552170325', []]]"
2024-01-13T16:00:00Z,Week 1,LEC,111560983140182304,normal,Team BDS,BDS,0,G2 Esports,G2,1,bestOf_1,"[['111560983140247841', [{'parameter': 'LT5lGVm8QzU'}, {'parameter': 'G-cjA5nc8eE'}]]]"
2024-01-13T17:00:00Z,Week 1,LEC,111560983140182296,normal,Rogue,RGE,0,SK Gaming,SK,1,bestOf_1,"[['111560983140182297', [{'parameter': '5Crh6tWVnGg'}, {'parameter': 'JOINKqYQNuA'}]]]"
2024-01-13T18:00:00Z,Week 1,LEC,111560983140247866,normal,Karmine Corp,KC,0,Fnatic,FNC,1,bestOf_1,"[['111560983140247867', [{'parameter': 'WMWcd-MfnHQ'}, {'parameter': '6fYk55LSJyQ'}]]]"
2024-01-13T19:00:00Z,Week 1,LEC,111560983140247886,normal,Team Vitality,VIT,0,GIANTX,GX,1,bestOf_1,"[['111560983140247887', [{'parameter': 'XuuPHEm_5No'}, {'parameter': 'gudzB1Snm5w'}]]]"
2024-01-13T20:00:00Z,Week 1,LEC,111560983140247890,normal,MAD Lions KOI,MDK,1,Team Heretics,TH,0,bestOf_1,"[['111560983140247891', [{'parameter': '2K5Csc3kzSo'}, {'parameter': 'Rpnk7dJOyug'}]]]"
2024-01-14T16:00:00Z,Week 1,LEC,111560983140247868,normal,GIANTX,GX,0,Team BDS,BDS,1,bestOf_1,"[['111560983140247869', [{'parameter': 'j_dDZZOcHmQ'}, {'parameter': 'B4_B5LMnGqU'}]]]"
2024-01-14T17:00:00Z,Week 1,LEC,111560983140247898,normal,MAD Lions KOI,MDK,0,SK Gaming,SK,1,bestOf_1,"[['111560983140247899', [{'parameter': 'elvac__c7Qk'}, {'parameter': 'Ryu732A6B7Y'}]]]"
2024-01-14T18:00:00Z,Week 1,LEC,111560983140182302,normal,G2 Esports,G2,1,Karmine Corp,KC,0,bestOf_1,"[['111560983140182303', [{'parameter': '3_-Q_k8ktlM'}, {'parameter': 'nS0DtGAp-DI'}]]]"
2024-01-14T19:00:00Z,Week 1,LEC,111560983140247908,normal,Fnatic,FNC,1,Team Vitality,VIT,0,bestOf_1,"[['111560983140247909', [{'parameter': 'vlkRHUJMgj4'}, {'parameter': 'vqQxopi3xxY'}]]]"
2024-01-14T20:00:00Z,Week 1,LEC,111560983140182292,normal,Rogue,RGE,0,Team Heretics,TH,1,bestOf_1,"[['111560983140182293', [{'parameter': 'qQ1dMP9T2iA'}, {'parameter': 'Qzzl1iFXT90'}]]]"
2024-01-15T16:00:00Z,Week 1,LEC,111560983140247876,normal,Team Vitality,VIT,0,Team BDS,BDS,1,bestOf_1,"[['111560983140247877', [{'parameter': 'dp4mZzOqPAM'}, {'parameter': '1hF9xisDRnY'}]]]"
2024-01-15T17:00:00Z,Week 1,LEC,111560983140116748,normal,G2 Esports,G2,0,Rogue,RGE,1,bestOf_1,"[['111560983140182285', [{'parameter': 'tKApMf8AFfA'}, {'parameter': 'TkydWlo62jk'}]]]"
2024-01-15T18:00:00Z,Week 1,LEC,111560983140247880,normal,Team Heretics,TH,1,GIANTX,GX,0,bestOf_1,"[['111560983140247881', [{'parameter': 'SlozK6x_7ro'}, {'parameter': 'nUA4A9NlHBo'}]]]"
2024-01-15T19:00:00Z,Week 1,LEC,111560983140247860,normal,Karmine Corp,KC,0,MAD Lions KOI,MDK,1,bestOf_1,"[['111560983140247861', [{'parameter': 'RXujuqs3I1k'}, {'parameter': 'Du3Jlui1cFY'}]]]"
2024-01-15T20:00:00Z,Week 1,LEC,111560983140247906,normal,SK Gaming,SK,1,Fnatic,FNC,0,bestOf_1,"[['111560983140247907', [{'parameter': 'pxd_P6ju-24'}, {'parameter': 'XwnAkFRH5ho'}]]]"
2024-01-20T16:00:00Z,Week 2,LEC,111560983140182298,normal,Team Vitality,VIT,1,Rogue,RGE,0,bestOf_1,"[['111560983140182299', [{'parameter': 'aagKkKWRBzw'}, {'parameter': '4a-x69i4GXQ'}]]]"
2024-01-20T17:00:00Z,Week 2,LEC,111560983140247892,normal,Team Heretics,TH,1,SK Gaming,SK,0,bestOf_1,"[['111560983140247893', [{'parameter': 'k4CzwWZnwLA'}, {'parameter': '2jdae4rOumk'}]]]"
2024-01-20T18:00:00Z,Week 2,LEC,111560983140247846,normal,G2 Esports,G2,1,MAD Lions KOI,MDK,0,bestOf_1,"[['111560983140247847', [{'parameter': 'Mjs7sWlGVFk'}, {'parameter': 'FE3OtPe2lK8'}]]]"
2024-01-20T19:00:00Z,Week 2,LEC,111560983140247878,normal,Team BDS,BDS,1,Fnatic,FNC,0,bestOf_1,"[['111560983140247879', [{'parameter': '8u8D0H0ckIQ'}, {'parameter': 'twGMX58Yx30'}]]]"
2024-01-20T20:00:00Z,Week 2,LEC,111560983140247856,normal,Karmine Corp,KC,0,GIANTX,GX,1,bestOf_1,"[['111560983140247857', [{'parameter': '7z6wrUWEq9A'}, {'parameter': 'tTMCT-NtYSs'}]]]"
2024-01-21T16:00:00Z,Week 2,LEC,111560983140247872,normal,MAD Lions KOI,MDK,0,Team BDS,BDS,1,bestOf_1,"[['111560983140247873', [{'parameter': 'khcjgdtssMA'}, {'parameter': 'KTNIgslvWh8'}]]]"
2024-01-21T17:00:00Z,Week 2,LEC,111560983140182300,normal,Rogue,RGE,0,Fnatic,FNC,1,bestOf_1,"[['111560983140182301', [{'parameter': 'p2W4o8H5UIA'}, {'parameter': '7pcSCNksL10'}]]]"
2024-01-21T18:00:00Z,Week 2,LEC,111560983140247844,normal,G2 Esports,G2,1,Team Heretics,TH,0,bestOf_1,"[['111560983140247845', [{'parameter': 'cUkAhnsWLHI'}, {'parameter': '9LjF2OPgQmk'}]]]"
2024-01-21T19:00:00Z,Week 2,LEC,111560983140247884,normal,GIANTX,GX,0,SK Gaming,SK,1,bestOf_1,"[['111560983140247885', [{'parameter': 'YR_oIWKumB8'}, {'parameter': 'bFCcABnW4lM'}]]]"
2024-01-21T20:00:00Z,Week 2,LEC,111560983140247864,normal,Karmine Corp,KC,0,Team Vitality,VIT,1,bestOf_1,"[['111560983140247865', [{'parameter': 'YhauKLI3t6Q'}, {'parameter': 'IAYUypL1Ztw'}]]]"
2024-01-22T16:00:00Z,Week 2,LEC,111560983140247874,normal,SK Gaming,SK,0,Team BDS,BDS,1,bestOf_1,"[['111560983140247875', [{'parameter': 'hhiUp4hu44k'}, {'parameter': 'pjrl-t9BzPY'}]]]"
2024-01-22T17:00:00Z,Week 2,LEC,111560983140247888,normal,Fnatic,FNC,1,GIANTX,GX,0,bestOf_1,"[['111560983140247889', [{'parameter': 'oHlvy9Jfq3c'}, {'parameter': 'xd-lnjdnLcQ'}]]]"
2024-01-22T18:00:00Z,Week 2,LEC,111560983140182294,normal,MAD Lions KOI,MDK,1,Rogue,RGE,0,bestOf_1,"[['111560983140182295', [{'parameter': 'UuEtiwyGSag'}, {'parameter': 'xw9q6DzsbFk'}]]]"
2024-01-22T19:00:00Z,Week 2,LEC,111560983140247850,normal,Team Vitality,VIT,1,G2 Esports,G2,0,bestOf_1,"[['111560983140247851', [{'parameter': 'NdbXnBDMmJA'}, {'parameter': 'A-lEo464zaA'}]]]"
2024-01-22T20:00:00Z,Week 2,LEC,111560983140247858,normal,Team Heretics,TH,1,Karmine Corp,KC,0,bestOf_1,"[['111560983140247859', [{'parameter': 'ry2MAal0Qwc'}, {'parameter': 'p0cdAn-vdeU'}]]]"
2024-01-27T16:00:00Z,Week 3,LEC,111560983140247870,normal,Team BDS,BDS,1,Team Heretics,TH,0,bestOf_1,"[['111560983140247871', [{'parameter': 'vZYNG_wEqxs'}, {'parameter': 'fDCJyMz5LD8'}]]]"
2024-01-27T17:00:00Z,Week 3,LEC,111560983140247904,normal,SK Gaming,SK,1,Team Vitality,VIT,0,bestOf_1,"[['111560983140247905', [{'parameter': 'Q8P1xiZ9DDQ'}, {'parameter': 'wPzLDbpVnnY'}]]]"
2024-01-27T18:00:00Z,Week 3,LEC,111560983140247902,normal,MAD Lions KOI,MDK,1,Fnatic,FNC,0,bestOf_1,"[['111560983140247903', [{'parameter': 'lWPb8_lUPrs'}, {'parameter': 'JWW5ncZhc6s'}]]]"
2024-01-27T19:00:00Z,Week 3,LEC,111560983140247842,normal,G2 Esports,G2,1,GIANTX,GX,0,bestOf_1,"[['111560983140247843', [{'parameter': '88jkT7lCdyY'}, {'parameter': 'yaVcCXcZ19g'}]]]"
2024-01-27T20:00:00Z,Week 3,LEC,111560983140182286,normal,Rogue,RGE,1,Karmine Corp,KC,0,bestOf_1,"[['111560983140182287', [{'parameter': 'r3S4iLR59nE'}, {'parameter': 'dceNQ5nryqw'}]]]"
2024-01-28T16:00:00Z,Week 3,LEC,111560983140247894,normal,Team Heretics,TH,0,Team Vitality,VIT,1,bestOf_1,"[['111560983140247895', [{'parameter': 'SVTqKhY_tHs'}, {'parameter': '8tFrTsisXC8'}]]]"
2024-01-28T17:00:00Z,Week 3,LEC,111560983140182288,normal,Rogue,RGE,0,Team BDS,BDS,1,bestOf_1,"[['111560983140182289', [{'parameter': 'vOAVc-bOqAk'}, {'parameter': 'YjRh6YPz8OE'}]]]"
2024-01-28T18:00:00Z,Week 3,LEC,111560983140247852,normal,Fnatic,FNC,0,G2 Esports,G2,1,bestOf_1,"[['111560983140247853', [{'parameter': 'siuwBabWeaE'}, {'parameter': 'rpdTzdxsw1k'}]]]"
2024-01-28T19:00:00Z,Week 3,LEC,111560983140247882,normal,GIANTX,GX,1,MAD Lions KOI,MDK,0,bestOf_1,"[['111560983140247883', [{'parameter': 'VwmLwti2jZA'}, {'parameter': 'JyqWC-8LrFM'}]]]"
2024-01-28T20:00:00Z,Week 3,LEC,111560983140247862,normal,Karmine Corp,KC,1,SK Gaming,SK,0,bestOf_1,"[['111560983140247863', [{'parameter': 'mYfnrbGGQfY'}, {'parameter': 'LkWIe8UWjnc'}]]]"
2024-01-29T16:00:00Z,Week 3,LEC,111560983140182290,normal,GIANTX,GX,1,Rogue,RGE,0,bestOf_1,"[['111560983140182291', [{'parameter': 'tZ0WVTjMaac'}, {'parameter': 'a8NbL21hmqw'}]]]"
2024-01-29T17:00:00Z,Week 3,LEC,111560983140247854,normal,Team BDS,BDS,0,Karmine Corp,KC,1,bestOf_1,"[['111560983140247855', [{'parameter': 'RKtOm-hnhlE'}, {'parameter': '9LKjeMKDGqU'}]]]"
2024-01-29T18:00:00Z,Week 3,LEC,111560983140247896,normal,Fnatic,FNC,1,Team Heretics,TH,0,bestOf_1,"[['111560983140247897', [{'parameter': 'fHaDV2Zx3zQ'}, {'parameter': 'z63o9jUQaeI'}]]]"
2024-01-29T19:00:00Z,Week 3,LEC,111560983140247848,normal,SK Gaming,SK,0,G2 Esports,G2,1,bestOf_1,"[['111560983140247849', [{'parameter': 'xnGKx3WIHqU'}, {'parameter': '6_Hw0lrMETw'}]]]"
2024-01-29T20:00:00Z,Week 3,LEC,111560983140247900,normal,Team Vitality,VIT,0,MAD Lions KOI,MDK,1,bestOf_1,"[['111560983140247901', [{'parameter': 'QVH3CM1IL4g'}, {'parameter': 'xt2-gViJGHA'}]]]"
2024-02-03T16:00:00Z,Knockouts,LEC,111561061776880357,normal,Team BDS,BDS,2,Team Heretics,TH,0,bestOf_3,"[['111561061776880358', [{'parameter': 'SOwDK0L_vFA'}, {'parameter': 'DUOnMFIhneo'}]], ['111561061776880359', [{'parameter': 's0zNk1iNmh8'}, {'parameter': '0R2fLnct-Dw'}]], ['111561061776880360', []]]"
2024-02-03T19:00:00Z,Knockouts,LEC,111561061776814813,normal,G2 Esports,G2,2,GIANTX,GX,0,bestOf_3,"[['111561061776814814', [{'parameter': 'j_tRR7fDP1s'}, {'parameter': 'iauAujebCYM'}]], ['111561061776880351', [{'parameter': 'Ul5HJ09ZJUk'}, {'parameter': '2hjip-ptZyQ'}]], ['111561061776880352', []]]"
2024-02-04T16:00:00Z,Knockouts,LEC,111561061776880361,normal,SK Gaming,SK,0,Team Vitality,VIT,2,bestOf_3,"[['111561061776880362', [{'parameter': 'izTnzYewr5o'}, {'parameter': 'EP7ZbIe7-zM'}]], ['111561061776880363', [{'parameter': 'Ey56wArYlcw'}, {'parameter': '782KpLuX-1I'}]], ['111561061776880364', []]]"
2024-02-04T19:00:00Z,Knockouts,LEC,111561061776880353,normal,MAD Lions KOI,MDK,0,Fnatic,FNC,2,bestOf_3,"[['111561061776880354', [{'parameter': '7I3tfJZu3VI'}, {'parameter': '138zwiIV0a8'}]], ['111561061776880355', [{'parameter': 'pOf8Faz4WPw'}, {'parameter': '8mlafbB5nbU'}]], ['111561061776880356', []]]"
2024-02-05T16:00:00Z,Knockouts,LEC,111561061776880369,normal,Team BDS,BDS,2,Team Vitality,VIT,0,bestOf_3,"[['111561061776880370', [{'parameter': 'euf7K-Sm6II'}, {'parameter': 'D1Am4DzOj2o'}]], ['111561061776880371', [{'parameter': 'ODIrmwyZmQY'}, {'parameter': 'eW1Os1x9DfE'}]], ['111561061776880372', []]]"
2024-02-05T19:00:00Z,Knockouts,LEC,111561061776880365,normal,G2 Esports,G2,2,Fnatic,FNC,1,bestOf_3,"[['111561061776880366', [{'parameter': 'mNOWGGy-xnk'}, {'parameter': 'w2SsEQj7KLg'}]], ['111561061776880367', [{'parameter': 'dwaoePWJyeI'}, {'parameter': '2VMf8zO3hCo'}]], ['111561061776880368', [{'parameter': 'ftxIlfRflEo'}, {'parameter': 'wzA5U3yVnBQ'}]]]"
2024-02-10T16:00:00Z,Knockouts,LEC,111561061776880377,normal,SK Gaming,SK,2,Team Heretics,TH,1,bestOf_3,"[['111561061776880378', [{'parameter': '_X8P1SPM1_Y'}, {'parameter': 'a5nHnH0GZVA'}]], ['111561061776880379', [{'parameter': 'DBHhzaExCug'}, {'parameter': 'K5pmPiRr_tk'}]], ['111561061776880380', [{'parameter': 'hatwqxdmLKE'}, {'parameter': '2oNEeRpKNm8'}]]]"
2024-02-10T19:00:00Z,Knockouts,LEC,111561061776880373,normal,MAD Lions KOI,MDK,2,GIANTX,GX,0,bestOf_3,"[['111561061776880374', [{'parameter': 'J1-v-U11XRI'}, {'parameter': 'y70Kp4WPfCA'}]], ['111561061776880375', [{'parameter': 'zdBUwY4suhw'}, {'parameter': '4Aeof5cKNPA'}]], ['111561061776880376', []]]"
2024-02-11T16:00:00Z,Knockouts,LEC,111561061776880389,normal,G2 Esports,G2,3,Team BDS,BDS,0,bestOf_5,"[['111561061776880390', [{'parameter': '3s2MXz298Ps'}, {'parameter': 'GfwnhwYALf4'}]], ['111561061776880391', [{'parameter': 'iwTdI9rgo1Q'}, {'parameter': 'tEOakV-PlCg'}]], ['111561061776880392', [{'parameter': 'shBFSYoWmvI'}, {'parameter': 'znkEcaoN5g8'}]], ['111561061776880393', []], ['111561061776880394', []]]"
2024-02-12T16:00:00Z,Knockouts,LEC,111561061776880381,normal,MAD Lions KOI,MDK,2,Team Vitality,VIT,0,bestOf_3,"[['111561061776880382', [{'parameter': 'cp3adW1pZbs'}, {'parameter': 'FRLQPhMuNkY'}]], ['111561061776880383', [{'parameter': '_QQSgySZuc8'}, {'parameter': 'ikXwE0O_oq8'}]], ['111561061776880384', []]]"
2024-02-12T19:00:00Z,Knockouts,LEC,111561061776880385,normal,SK Gaming,SK,1,Fnatic,FNC,2,bestOf_3,"[['111561061776880386', [{'parameter': 'QO1eYOWOXcY'}, {'parameter': 'Vc7hu8wLKEU'}]], ['111561061776880387', [{'parameter': 'tAnwtcDTry0'}, {'parameter': '0dos9PsN2o4'}]], ['111561061776880388', [{'parameter': 'Cct-bBDa_bE'}, {'parameter': 'pJ-BShwMvwo'}]]]"
2024-02-16T16:00:00Z,Knockouts,LEC,111561061776880395,normal,MAD Lions KOI,MDK,3,Fnatic,FNC,2,bestOf_5,"[['111561061776880396', [{'parameter': 'VqRzc2N4XUE'}, {'parameter': '7GkND0M2o9c'}]], ['111561061776880397', [{'parameter': '2cgYP2e43Ik'}, {'parameter': 'IYjQQZCWNzA'}]], ['111561061776880398', [{'parameter': '7IYwzENH_0U'}, {'parameter': '2Ezur67jIEo'}]], ['111561061776880399', [{'parameter': 'a_pEbVCB5W4'}, {'parameter': 'JolDviVuv9o'}]], ['111561061776880400', [{'parameter': 'anig6HGnJJ8'}, {'parameter': 'qkDqkHUItrA'}]]]"
2024-02-17T16:00:00Z,Knockouts,LEC,111561061776880401,normal,Team BDS,BDS,2,MAD Lions KOI,MDK,3,bestOf_5,"[['111561061776880402', [{'parameter': 'mFtkW3T2ajM'}, {'parameter': 'OR_Yll1KQzc'}]], ['111561061776880403', [{'parameter': 'bqyZWZHYaMU'}, {'parameter': 'rIhXRFU-yMI'}]], ['111561061776880404', [{'parameter': 'YqFVPpI23_o'}, {'parameter': 'EWqAyn4USaY'}]], ['111561061776880405', [{'parameter': 'phEy4DobdE8'}, {'parameter': 'Uqs8baI14oo'}]], ['111561061776880406', [{'parameter': 'DrwOdkRMdHU'}, {'parameter': 'zsYhSwUqNK8'}]]]"
2024-02-18T16:00:00Z,Finals,LEC,111561061776880407,normal,G2 Esports,G2,3,MAD Lions KOI,MDK,1,bestOf_5,"[['111561061776880408', [{'parameter': 'JdLocWW2oEM'}, {'parameter': '7_ops9p02YM'}]], ['111561061776880409', [{'parameter': 'Oay8x3gQAJc'}, {'parameter': 'zocQVKBAT5o'}]], ['111561061776880410', [{'parameter': 'FLonIAwJmhw'}, {'parameter': '6nFkYMikdrA'}]], ['111561061776880411', [{'parameter': 'KomONhHfh_w'}, {'parameter': 'DYEotVfAJN0'}]], ['111561061776880412', []]]"
2024-01-20T20:00:00Z,Week 1,LCS,111504634866209723,normal,Team Liquid Honda,TL,0,100 Thieves,100,1,bestOf_1,"[['111504634866209724', [{'parameter': '3Gn7pB6tFAs'}]]]"
2024-01-20T21:00:00Z,Week 1,LCS,111504634866209731,normal,Cloud9,C9,1,NRG Kia,NRG,0,bestOf_1,"[['111504634866209732', [{'parameter': 'rdpA0YyWhi0'}]]]"
2024-01-20T22:00:00Z,Week 1,LCS,111504634866144169,normal,FlyQuest,FLY,1,Shopify Rebellion,SR,0,bestOf_1,"[['111504634866144170', [{'parameter': 'Ca97gk1nyO4'}]]]"
2024-01-20T23:00:00Z,Week 1,LCS,111504634866209737,normal,Dignitas,DIG,1,Immortals Progressive,IMT,0,bestOf_1,"[['111504634866209738', [{'parameter': 'gluPg3PQIQA'}]]]"
2024-01-21T20:00:00Z,Week 1,LCS,111504634866209711,normal,Team Liquid Honda,TL,1,Shopify Rebellion,SR,0,bestOf_1,"[['111504634866209712', [{'parameter': 'Eu3qJeNBllI'}]]]"
2024-01-21T21:00:00Z,Week 1,LCS,111504634866209713,normal,100 Thieves,100,0,Cloud9,C9,1,bestOf_1,"[['111504634866209714', [{'parameter': 'hAfETxq_E_M'}]]]"
2024-01-21T22:00:00Z,Week 1,LCS,111504634866209743,normal,Immortals Progressive,IMT,0,FlyQuest,FLY,1,bestOf_1,"[['111504634866209744', [{'parameter': 'i28if8BZkY4'}]]]"
2024-01-21T23:00:00Z,Week 1,LCS,111504634866209739,normal,NRG Kia,NRG,1,Dignitas,DIG,0,bestOf_1,"[['111504634866209740', [{'parameter': 'bFfeMZlpHh4'}]]]"
2024-01-27T20:00:00Z,Week 2,LCS,111504634866209725,normal,Cloud9,C9,1,Dignitas,DIG,0,bestOf_1,"[['111504634866209726', [{'parameter': 'nCljoyVPEY0'}]]]"
2024-01-27T21:00:00Z,Week 2,LCS,111504634866209721,normal,100 Thieves,100,0,NRG Kia,NRG,1,bestOf_1,"[['111504634866209722', [{'parameter': 'PL9LEvCGtk8'}]]]"
2024-01-27T22:00:00Z,Week 2,LCS,111504634866209747,normal,FlyQuest,FLY,1,Team Liquid Honda,TL,0,bestOf_1,"[['111504634866209748', [{'parameter': '6y4TmWVe9f4'}]]]"
2024-01-27T23:00:00Z,Week 2,LCS,111504634866209707,normal,Immortals Progressive,IMT,1,Shopify Rebellion,SR,0,bestOf_1,"[['111504634866209708', [{'parameter': 'XnD-F2RAj5c'}]]]"
2024-01-28T20:00:00Z,Week 2,LCS,111504634866209715,normal,Dignitas,DIG,0,100 Thieves,100,1,bestOf_1,"[['111504634866209716', [{'parameter': 'M1k1IFkDhQU'}]]]"
2024-01-28T21:00:00Z,Week 2,LCS,111504634866144165,normal,Shopify Rebellion,SR,1,Cloud9,C9,0,bestOf_1,"[['111504634866144166', [{'parameter': '0vDRnHtpdik'}]]]"
2024-01-28T22:00:00Z,Week 2,LCS,111504634866209745,normal,NRG Kia,NRG,1,FlyQuest,FLY,0,bestOf_1,"[['111504634866209746', [{'parameter': 'a7dUhIa1cpo'}]]]"
2024-01-28T23:00:00Z,Week 2,LCS,111504634866209751,normal,Team Liquid Honda,TL,1,Immortals Progressive,IMT,0,bestOf_1,"[['111504634866209752', [{'parameter': 'ah4jeEJpSOA'}]]]"
2024-02-02T21:00:00Z,Week 3,LCS,111504634866209729,normal,Cloud9,C9,0,Immortals Progressive,IMT,1,bestOf_1,"[['111504634866209730', [{'parameter': 'RMiH7GIrsts'}]]]"
2024-02-02T22:00:00Z,Week 3,LCS,111504634866209753,normal,Team Liquid Honda,TL,0,NRG Kia,NRG,1,bestOf_1,"[['111504634866209754', [{'parameter': '1eQZC0iE45M'}]]]"
2024-02-02T23:00:00Z,Week 3,LCS,111504634866144167,normal,Shopify Rebellion,SR,0,Dignitas,DIG,1,bestOf_1,"[['111504634866144168', [{'parameter': 'RBC2oc4i2oc'}]]]"
2024-02-03T00:00:00Z,Week 3,LCS,111504634866209717,normal,100 Thieves,100,0,FlyQuest,FLY,1,bestOf_1,"[['111504634866209718', [{'parameter': 'QBmiDueZImM'}]]]"
2024-02-03T21:00:00Z,Week 3,LCS,111504634866209741,normal,Dignitas,DIG,0,Team Liquid Honda,TL,1,bestOf_1,"[['111504634866209742', [{'parameter': 'b69oRDQ85as'}]]]"
2024-02-03T22:00:00Z,Week 3,LCS,111504634866209727,normal,FlyQuest,FLY,1,Cloud9,C9,0,bestOf_1,"[['111504634866209728', [{'parameter': 'xa5mgSDBqNk'}]]]"
2024-02-03T23:00:00Z,Week 3,LCS,111504634866209719,normal,Immortals Progressive,IMT,0,100 Thieves,100,1,bestOf_1,"[['111504634866209720', [{'parameter': 'NncGT1yXElo'}]]]"
2024-02-04T00:00:00Z,Week 3,LCS,111504634866209709,normal,NRG Kia,NRG,0,Shopify Rebellion,SR,1,bestOf_1,"[['111504634866209710', [{'parameter': 'gwvIz4YFgEI'}]]]"
2024-02-04T21:00:00Z,Week 3,LCS,111504634866209735,normal,Dignitas,DIG,0,FlyQuest,FLY,1,bestOf_1,"[['111504634866209736', [{'parameter': 'ap8se8_P03c'}]]]"
2024-02-04T22:00:00Z,Week 3,LCS,111504634866209733,normal,Team Liquid Honda,TL,1,Cloud9,C9,0,bestOf_1,"[['111504634866209734', [{'parameter': 'Db8WbW2JDWw'}]]]"
2024-02-04T23:00:00Z,Week 3,LCS,111504634866078627,normal,Shopify Rebellion,SR,0,100 Thieves,100,1,bestOf_1,"[['111504634866078628', [{'parameter': 'Nt53MGix2P8'}]]]"
2024-02-05T00:00:00Z,Week 3,LCS,111504634866209749,normal,NRG Kia,NRG,0,Immortals Progressive,IMT,1,bestOf_1,"[['111504634866209750', [{'parameter': 'E2vORNAvw9I'}]]]"
2024-02-10T21:00:00Z,Week 4,LCS,111504634866275323,normal,NRG Kia,NRG,0,Cloud9,C9,1,bestOf_1,"[['111504634866275324', [{'parameter': 'epedq2SiOWQ'}]]]"
2024-02-10T22:00:00Z,Week 4,LCS,111504634866275329,normal,Immortals Progressive,IMT,0,Dignitas,DIG,1,bestOf_1,"[['111504634866275330', [{'parameter': 'tDwA6Kn4V0E'}]]]"
2024-02-10T23:00:00Z,Week 4,LCS,111504634866275315,normal,100 Thieves,100,1,Team Liquid Honda,TL,0,bestOf_1,"[['111504634866275316', [{'parameter': 'LvHNG9YMOzI'}]]]"
2024-02-11T00:00:00Z,Week 4,LCS,111504634866209761,normal,Shopify Rebellion,SR,1,FlyQuest,FLY,0,bestOf_1,"[['111504634866209762', [{'parameter': 'VsdtQ4aNi7M'}]]]"
2024-02-11T21:00:00Z,Week 4,LCS,111504634866209769,normal,100 Thieves,100,1,Cloud9,C9,0,bestOf_1,"[['111504634866209770', [{'parameter': 'Z8a6Gx7x9D4'}]]]"
2024-02-11T22:00:00Z,Week 4,LCS,111504634866275331,normal,Dignitas,DIG,1,NRG Kia,NRG,0,bestOf_1,"[['111504634866275332', [{'parameter': 'Beeyye-XSPY'}]]]"
2024-02-11T23:00:00Z,Week 4,LCS,111504634866209767,normal,Team Liquid Honda,TL,1,Shopify Rebellion,SR,0,bestOf_1,"[['111504634866209768', [{'parameter': 'T4IFGC8KQmc'}]]]"
2024-02-12T00:00:00Z,Week 4,LCS,111504634866275335,normal,FlyQuest,FLY,1,Immortals Progressive,IMT,0,bestOf_1,"[['111504634866275336', [{'parameter': 'ZnadajgvjZQ'}]]]"
2024-03-02T21:00:00Z,Week 5,LCS,111504634866209763,normal,Shopify Rebellion,SR,1,Immortals Progressive,IMT,0,bestOf_1,"[['111504634866209764', [{'parameter': 'pfptUL7qTnQ'}]]]"
2024-03-02T22:00:00Z,Week 5,LCS,111504634866275319,normal,Cloud9,C9,1,FlyQuest,FLY,0,bestOf_1,"[['111504634866275320', [{'parameter': 'XplE5kpD6tw'}]]]"
2024-03-02T23:00:00Z,Week 5,LCS,111504634866275345,normal,NRG Kia,NRG,1,Team Liquid Honda,TL,0,bestOf_1,"[['111504634866275346', [{'parameter': 'CrKC9ssjuS4'}]]]"
2024-03-03T00:00:00Z,Week 5,LCS,111504634866209771,normal,100 Thieves,100,1,Dignitas,DIG,0,bestOf_1,"[['111504634866209772', [{'parameter': 'dVVFaaWzKXw'}]]]"
2024-03-03T21:00:00Z,Week 5,LCS,111504634866275341,normal,Immortals Progressive,IMT,0,NRG Kia,NRG,1,bestOf_1,"[['111504634866275342', [{'parameter': 'cS2VUelzaYc'}]]]"
2024-03-03T22:00:00Z,Week 5,LCS,111504634866275309,normal,FlyQuest,FLY,1,100 Thieves,100,0,bestOf_1,"[['111504634866275310', [{'parameter': 'CAdAhbnU7ZQ'}]]]"
2024-03-03T23:00:00Z,Week 5,LCS,111504634866209759,normal,Dignitas,DIG,1,Shopify Rebellion,SR,0,bestOf_1,"[['111504634866209760', [{'parameter': 'l1BuoCcX1gs'}]]]"
2024-03-04T00:00:00Z,Week 5,LCS,111504634866275325,normal,Team Liquid Honda,TL,0,Cloud9,C9,1,bestOf_1,"[['111504634866275326', [{'parameter': 'p4zuYV2ZEYw'}]]]"
2024-03-08T21:00:00Z,Week 6,LCS,111504634866275317,normal,Dignitas,DIG,0,Cloud9,C9,1,bestOf_1,"[['111504634866275318', [{'parameter': 'napyUD46u2Q'}]]]"
2024-03-08T22:00:00Z,Week 6,LCS,111504634866275339,normal,Team Liquid Honda,TL,1,FlyQuest,FLY,0,bestOf_1,"[['111504634866275340', [{'parameter': 'Pp6yCEgNW2U'}]]]"
2024-03-08T23:00:00Z,Week 6,LCS,111504634866275311,normal,100 Thieves,100,1,Immortals Progressive,IMT,0,bestOf_1,"[['111504634866275312', [{'parameter': 'IPY1f37zRZ0'}]]]"
2024-03-09T00:00:00Z,Week 6,LCS,111504634866209765,normal,NRG Kia,NRG,0,Shopify Rebellion,SR,1,bestOf_1,"[['111504634866209766', [{'parameter': 'E9KzUKcYNhc'}]]]"
2024-03-09T21:00:00Z,Week 6,LCS,111504634866275321,normal,Immortals Progressive,IMT,1,Cloud9,C9,0,bestOf_1,"[['111504634866275322', [{'parameter': '_VsK23MS7AE'}]]]"
2024-03-09T22:00:00Z,Week 6,LCS,111504634866275337,normal,FlyQuest,FLY,1,NRG Kia,NRG,0,bestOf_1,"[['111504634866275338', [{'parameter': 'MNOZfFkW6R4'}]]]"
2024-03-09T23:00:00Z,Week 6,LCS,111504634866275333,normal,Team Liquid Honda,TL,0,Dignitas,DIG,1,bestOf_1,"[['111504634866275334', [{'parameter': 'zBqyF46P4No'}]]]"
2024-03-10T00:00:00Z,Week 6,LCS,111504634866209755,normal,Shopify Rebellion,SR,0,100 Thieves,100,1,bestOf_1,"[['111504634866209756', [{'parameter': 'lo6hH5c6V4c'}]]]"
2024-03-10T20:00:00Z,Week 6,LCS,111504634866275343,normal,Immortals Progressive,IMT,0,Team Liquid Honda,TL,1,bestOf_1,"[['111504634866275344', [{'parameter': 'zuApeHgGo2I'}]]]"
2024-03-10T21:00:00Z,Week 6,LCS,111504634866275313,normal,NRG Kia,NRG,0,100 Thieves,100,1,bestOf_1,"[['111504634866275314', [{'parameter': 'SIfXJwYzCN4'}]]]"
2024-03-10T22:00:00Z,Week 6,LCS,111504634866209757,normal,Cloud9,C9,1,Shopify Rebellion,SR,0,bestOf_1,"[['111504634866209758', [{'parameter': 'RYQ1Mc1xEuk'}]]]"
2024-03-10T23:00:00Z,Week 6,LCS,111504634866275327,normal,FlyQuest,FLY,1,Dignitas,DIG,0,bestOf_1,"[['111504634866275328', [{'parameter': 'wL4Xyk5B0-Y'}]]]"
2024-03-11T00:00:00Z,Week 6,LCS,112073983074115809,tiebreaker,NRG Kia,NRG,0,Dignitas,DIG,1,bestOf_1,"[['112073983074574562', [{'parameter': 'urPFBqbgvGI'}]]]"
2024-03-14T20:00:00Z,Knockouts,LCS,111861082639032027,normal,100 Thieves,100,0,Cloud9,C9,3,bestOf_5,"[['111861082639032028', [{'parameter': '6SltERuLx3s'}]], ['111861082639032029', [{'parameter': 'i46dzq0p5KE'}]], ['111861082639032030', []], ['111861082639032031', []], ['111861082639032032', []]]"
2024-03-15T20:00:00Z,Knockouts,LCS,111861082638180053,normal,FlyQuest,FLY,3,Team Liquid Honda,TL,2,bestOf_5,"[['111861082638245590', [{'parameter': '3oO-5W2NRoc'}]], ['111861082639032023', [{'parameter': '18nuA_6LsMw'}]], ['111861082639032024', [{'parameter': 'Y-xr_WW7CSE'}]], ['111861082639032025', [{'parameter': 'LpPe-29LUUE'}]], ['111861082639032026', [{'parameter': 'LwMxuhzV-Vs'}]]]"
2024-03-16T20:00:00Z,Knockouts,LCS,111861082639032039,normal,100 Thieves,100,3,NRG Kia,NRG,2,bestOf_5,"[['111861082639032040', [{'parameter': '5se9CvS8-cE'}]], ['111861082639032041', [{'parameter': 'W074APEKVww'}]], ['111861082639032042', [{'parameter': 'yworanBpxl0'}]], ['111861082639032043', [{'parameter': 'K9NSIft1j0A'}]], ['111861082639032044', [{'parameter': 'tF0h8uwe3Vw'}]]]"
2024-03-17T20:00:00Z,Knockouts,LCS,111861082639032045,normal,Team Liquid Honda,TL,3,Dignitas,DIG,0,bestOf_5,"[['111861082639032046', [{'parameter': 'sfJOGo8mPQA'}]], ['111861082639032047', [{'parameter': 'fFDAkIBxnCc'}]], ['111861082639032048', [{'parameter': 'AGd8G3k4Xbg'}]], ['111861082639032049', []], ['111861082639032050', []]]"
2024-03-22T20:00:00Z,Knockouts,LCS,111861082639032051,normal,100 Thieves,100,1,Team Liquid Honda,TL,3,bestOf_5,"[['111861082639032052', [{'parameter': 'dsWupUO0D3U'}]], ['111861082639032053', [{'parameter': 'GX8wCF7ElSk'}]], ['111861082639032054', [{'parameter': 'ujGwcP0nJvU'}]], ['111861082639032055', [{'parameter': 'lyEa3QYf5aw'}]], ['111861082639032056', []]]"
2024-03-23T20:00:00Z,Knockouts,LCS,111861082639032033,normal,Cloud9,C9,0,FlyQuest,FLY,3,bestOf_5,"[['111861082639032034', [{'parameter': 'IUZT89ApD8Q'}]], ['111861082639032035', [{'parameter': 'FbsIJASshAQ'}]], ['111861082639032036', [{'parameter': 'hjlapZKSDcA'}]], ['111861082639032037', []], ['111861082639032038', []]]"
2024-03-30T20:00:00Z,Knockouts,LCS,111861082639032057,normal,Cloud9,C9,0,Team Liquid Honda,TL,3,bestOf_5,"[['111861082639032058', [{'parameter': 'bOwWUiguyls'}]], ['111861082639032059', [{'parameter': 'OjD2OZ1Jkt4'}]], ['111861082639032060', [{'parameter': 'XWmYbGA7pkA'}]], ['111861082639032061', []], ['111861082639032062', []]]"
2024-03-31T20:00:00Z,Finals,LCS,111861082639032063,normal,FlyQuest,FLY,1,Team Liquid Honda,TL,3,bestOf_5,"[['111861082639032064', [{'parameter': 'zN4ep1WA_zw'}]], ['111861082639032065', [{'parameter': 'yqKkAGkQiHY'}]], ['111861082639032066', [{'parameter': 'VJF3LKQ49U4'}]], ['111861082639032067', [{'parameter': '1RUv02PhQNU'}]], ['111861082639032068', []]]"
2024-01-17T08:00:00Z,Week 1,LCK,111561337007239849,normal,DRX,DRX,0,NongShim REDFORCE,NS,2,bestOf_3,"[['111561337007239850', [{'parameter': '113713349'}]], ['111561337007239851', [{'parameter': '113713349'}]], ['111561337007239852', []]]"
2024-01-17T10:30:00Z,Week 1,LCK,111561337007239937,normal,Gen.G,GEN,2,T1,T1,1,bestOf_3,"[['111561337007239938', [{'parameter': '113731649'}]], ['111561337007239939', [{'parameter': '113731649'}]], ['111561337007239940', [{'parameter': '113731649'}]]]"
2024-01-18T08:00:00Z,Week 1,LCK,111561337007239857,normal,OKSavingsBank BRION,BRO,0,Dplus Kia,DK,2,bestOf_3,"[['111561337007239858', [{'parameter': '113798133'}]], ['111561337007239859', [{'parameter': '113798133'}]], ['111561337007239860', []]]"
2024-01-18T10:30:00Z,Week 1,LCK,111561337007305501,normal,kt Rolster,KT,2,FearX,FOX,0,bestOf_3,"[['111561337007305502', [{'parameter': '113809739'}]], ['111561337007305503', [{'parameter': '113809739'}]], ['111561337007305504', []]]"
2024-01-19T08:00:00Z,Week 1,LCK,111561337007239833,normal,Hanwha Life Esports,HLE,2,DRX,DRX,0,bestOf_3,"[['111561337007239834', [{'parameter': '113882807'}]], ['111561337007239835', [{'parameter': '113882807'}]], ['111561337007239836', []]]"
2024-01-19T10:30:00Z,Week 1,LCK,111561337007305521,normal,T1,T1,2,Kwangdong Freecs,KDF,0,bestOf_3,"[['111561337007305522', [{'parameter': '113894319'}]], ['111561337007305523', [{'parameter': '113894319'}]], ['111561337007305524', []]]"
2024-01-20T06:00:00Z,Week 1,LCK,111561337007239905,normal,OKSavingsBank BRION,BRO,0,FearX,FOX,2,bestOf_3,"[['111561337007239906', [{'parameter': '113962445'}]], ['111561337007239907', [{'parameter': '113962445'}]], ['111561337007239908', []]]"
2024-01-20T08:30:00Z,Week 1,LCK,111561337007239933,normal,NongShim REDFORCE,NS,0,Gen.G,GEN,2,bestOf_3,"[['111561337007239934', [{'parameter': '113972049'}]], ['111561337007239935', [{'parameter': '113972049'}]], ['111561337007239936', []]]"
2024-01-21T06:00:00Z,Week 1,LCK,111561337007305481,normal,Hanwha Life Esports,HLE,2,Kwangdong Freecs,KDF,0,bestOf_3,"[['111561337007305482', [{'parameter': '114046931'}]], ['111561337007305483', [{'parameter': '114046931'}]], ['111561337007305484', []]]"
2024-01-21T08:30:00Z,Week 1,LCK,111561337007239869,normal,Dplus Kia,DK,1,kt Rolster,KT,2,bestOf_3,"[['111561337007239870', [{'parameter': '114064237'}]], ['111561337007239871', [{'parameter': '114064237'}]], ['111561337007239872', [{'parameter': '114064237'}]]]"
2024-01-24T08:00:00Z,Week 2,LCK,111561337007305485,normal,FearX,FOX,0,Hanwha Life Esports,HLE,2,bestOf_3,"[['111561337007305486', [{'parameter': '114307209'}]], ['111561337007305487', [{'parameter': '114307209'}]], ['111561337007305488', []]]"
2024-01-24T10:30:00Z,Week 2,LCK,111561337007305497,normal,kt Rolster,KT,1,Kwangdong Freecs,KDF,2,bestOf_3,"[['111561337007305498', [{'parameter': '114328025'}]], ['111561337007305499', [{'parameter': '114328025'}]], ['111561337007305500', [{'parameter': '114328025'}]]]"
2024-01-25T08:00:00Z,Week 2,LCK,111561337007239881,normal,Dplus Kia,DK,2,NongShim REDFORCE,NS,0,bestOf_3,"[['111561337007239882', [{'parameter': '114328025'}]], ['111561337007239883', [{'parameter': '114328025'}]], ['111561337007239884', []]]"
2024-01-25T10:30:00Z,Week 2,LCK,111561337007239889,normal,OKSavingsBank BRION,BRO,0,Gen.G,GEN,2,bestOf_3,"[['111561337007239890', [{'parameter': '114407343'}]], ['111561337007239891', [{'parameter': '114407343'}]], ['111561337007239892', []]]"
2024-01-26T08:00:00Z,Week 2,LCK,111561337007305509,normal,kt Rolster,KT,1,T1,T1,2,bestOf_3,"[['111561337007305510', [{'parameter': '114481911'}]], ['111561337007305511', [{'parameter': '114481911'}]], ['111561337007305512', [{'parameter': '114481911'}]]]"
2024-01-26T10:30:00Z,Week 2,LCK,111561337007239845,normal,FearX,FOX,2,DRX,DRX,1,bestOf_3,"[['111561337007239846', [{'parameter': '114501875'}]], ['111561337007239847', [{'parameter': '114501875'}]], ['111561337007239848', [{'parameter': '114501875'}]]]"
2024-01-27T06:00:00Z,Week 2,LCK,111561337007239861,normal,Gen.G,GEN,2,Dplus Kia,DK,1,bestOf_3,"[['111561337007239862', [{'parameter': '114561493'}]], ['111561337007239863', [{'parameter': '114561493'}]], ['111561337007239864', [{'parameter': '114561493'}]]]"
2024-01-27T08:30:00Z,Week 2,LCK,111561337007305517,normal,Kwangdong Freecs,KDF,2,NongShim REDFORCE,NS,0,bestOf_3,"[['111561337007305518', [{'parameter': '114561493'}]], ['111561337007305519', [{'parameter': '114561493'}]], ['111561337007305520', []]]"
2024-01-28T06:00:00Z,Week 2,LCK,111561337007239825,normal,DRX,DRX,2,OKSavingsBank BRION,BRO,1,bestOf_3,"[['111561337007239826', [{'parameter': '114645301'}]], ['111561337007239827', [{'parameter': '114645301'}]], ['111561337007239828', [{'parameter': '114645301'}]]]"
2024-01-28T08:30:00Z,Week 2,LCK,111561337007305493,normal,Hanwha Life Esports,HLE,0,T1,T1,2,bestOf_3,"[['111561337007305494', [{'parameter': '114658709'}]], ['111561337007305495', [{'parameter': '114658709'}]], ['111561337007305496', []]]"
2024-01-31T08:00:00Z,Week 3,LCK,111561337007239873,normal,Kwangdong Freecs,KDF,2,Dplus Kia,DK,0,bestOf_3,"[['111561337007239874', [{'parameter': '114914557'}]], ['111561337007239875', [{'parameter': '114914557'}]], ['111561337007239876', []]]"
2024-01-31T10:30:00Z,Week 3,LCK,111561337007239897,normal,kt Rolster,KT,2,OKSavingsBank BRION,BRO,0,bestOf_3,"[['111561337007239898', [{'parameter': '114929395'}]], ['111561337007239899', [{'parameter': '114929395'}]], ['111561337007239900', []]]"
2024-02-01T08:00:00Z,Week 3,LCK,111561337007239853,normal,T1,T1,2,DRX,DRX,0,bestOf_3,"[['111561337007239854', [{'parameter': '115009829'}]], ['111561337007239855', [{'parameter': '115009829'}]], ['111561337007239856', []]]"
2024-02-01T10:30:00Z,Week 3,LCK,111561337007305525,normal,FearX,FOX,2,NongShim REDFORCE,NS,1,bestOf_3,"[['111561337007305526', [{'parameter': '115033883'}]], ['111561337007305527', [{'parameter': '115033883'}]], ['111561337007305528', [{'parameter': '115033883'}]]]"
2024-02-02T08:00:00Z,Week 3,LCK,111561337007239925,normal,Kwangdong Freecs,KDF,0,Gen.G,GEN,2,bestOf_3,"[['111561337007239926', [{'parameter': '115112287'}]], ['111561337007239927', [{'parameter': '115112287'}]], ['111561337007239928', []]]"
2024-02-02T10:30:00Z,Week 3,LCK,111561337007239865,normal,Dplus Kia,DK,0,Hanwha Life Esports,HLE,2,bestOf_3,"[['111561337007239866', [{'parameter': '115124991'}]], ['111561337007239867', [{'parameter': '115124991'}]], ['111561337007239868', []]]"
2024-02-03T06:00:00Z,Week 3,LCK,111561337007239837,normal,DRX,DRX,1,kt Rolster,KT,2,bestOf_3,"[['111561337007239838', [{'parameter': '115200547'}]], ['111561337007239839', [{'parameter': '115200547'}]], ['111561337007239840', [{'parameter': '115200547'}]]]"
2024-02-03T08:30:00Z,Week 3,LCK,111561337007239913,normal,T1,T1,2,OKSavingsBank BRION,BRO,0,bestOf_3,"[['111561337007239914', [{'parameter': '115213719'}]], ['111561337007239915', [{'parameter': '115213719'}]], ['111561337007239916', []]]"
2024-02-04T06:00:00Z,Week 3,LCK,111561337007305489,normal,NongShim REDFORCE,NS,1,Hanwha Life Esports,HLE,2,bestOf_3,"[['111561337007305490', [{'parameter': '115297033'}]], ['111561337007305491', [{'parameter': '115297033'}]], ['111561337007305492', [{'parameter': '115297033'}]]]"
2024-02-04T08:30:00Z,Week 3,LCK,111561337007239929,normal,FearX,FOX,0,Gen.G,GEN,2,bestOf_3,"[['111561337007239930', [{'parameter': '115310971'}]], ['111561337007239931', [{'parameter': '115310971'}]], ['111561337007239932', []]]"
2024-02-14T08:00:00Z,Week 4,LCK,111561337007239921,normal,kt Rolster,KT,2,Gen.G,GEN,0,bestOf_3,"[['111561337007239922', [{'parameter': '116236179'}]], ['111561337007239923', [{'parameter': '116236179'}]], ['111561337007239924', []]]"
2024-02-14T10:30:00Z,Week 4,LCK,111561337007239841,normal,DRX,DRX,0,Kwangdong Freecs,KDF,2,bestOf_3,"[['111561337007239842', [{'parameter': '116254765'}]], ['111561337007239843', [{'parameter': '116254765'}]], ['111561337007239844', []]]"
2024-02-15T08:00:00Z,Week 4,LCK,111561337007239885,normal,T1,T1,2,Dplus Kia,DK,0,bestOf_3,"[['111561337007239886', [{'parameter': '116338069'}]], ['111561337007239887', [{'parameter': '116338069'}]], ['111561337007239888', []]]"
2024-02-15T10:30:00Z,Week 4,LCK,111561337007239893,normal,Hanwha Life Esports,HLE,2,OKSavingsBank BRION,BRO,0,bestOf_3,"[['111561337007239894', [{'parameter': '116338069'}]], ['111561337007239895', [{'parameter': '116338069'}]], ['111561337007239896', []]]"
2024-02-16T08:00:00Z,Week 4,LCK,111561337007305505,normal,NongShim REDFORCE,NS,0,kt Rolster,KT,2,bestOf_3,"[['111561337007305506', [{'parameter': '116430791'}]], ['111561337007305507', [{'parameter': '116430791'}]], ['111561337007305508', []]]"
2024-02-16T10:30:00Z,Week 4,LCK,111561337007305513,normal,Kwangdong Freecs,KDF,2,FearX,FOX,1,bestOf_3,"[['111561337007305514', [{'parameter': '116453103'}]], ['111561337007305515', [{'parameter': '116453103'}]], ['111561337007305516', [{'parameter': '116453103'}]]]"
2024-02-17T06:00:00Z,Week 4,LCK,111561337007239917,normal,Gen.G,GEN,2,Hanwha Life Esports,HLE,0,bestOf_3,"[['111561337007239918', [{'parameter': '116522921'}]], ['111561337007239919', [{'parameter': '116522921'}]], ['111561337007239920', []]]"
2024-02-17T08:30:00Z,Week 4,LCK,111561337007239821,normal,Dplus Kia,DK,2,DRX,DRX,0,bestOf_3,"[['111561337007239822', [{'parameter': '116533789'}]], ['111561337007239823', [{'parameter': '116533789'}]], ['111561337007239824', []]]"
2024-02-18T06:00:00Z,Week 4,LCK,111561337007305529,normal,FearX,FOX,0,T1,T1,2,bestOf_3,"[['111561337007305530', [{'parameter': '116619407'}]], ['111561337007305531', [{'parameter': '116619407'}]], ['111561337007305532', []]]"
2024-02-18T08:30:00Z,Week 4,LCK,111561337007239909,normal,NongShim REDFORCE,NS,2,OKSavingsBank BRION,BRO,0,bestOf_3,"[['111561337007239910', [{'parameter': '116632591'}]], ['111561337007239911', [{'parameter': '116632591'}]], ['111561337007239912', []]]"
2024-02-21T08:00:00Z,Week 5,LCK,111561337007305533,normal,T1,T1,2,NongShim REDFORCE,NS,1,bestOf_3,"[['111561337007305534', [{'parameter': '116923097'}]], ['111561337007305535', [{'parameter': '116923097'}]], ['111561337007305536', [{'parameter': '116923097'}]]]"
2024-02-21T10:30:00Z,Week 5,LCK,111561337007239941,normal,Hanwha Life Esports,HLE,2,kt Rolster,KT,0,bestOf_3,"[['111561337007239942', [{'parameter': '116943473'}]], ['111561337007239943', [{'parameter': '116943473'}]], ['111561337007305480', []]]"
2024-02-22T08:00:00Z,Week 5,LCK,111561337007239877,normal,Dplus Kia,DK,2,FearX,FOX,0,bestOf_3,"[['111561337007239878', [{'parameter': '117013773'}]], ['111561337007239879', [{'parameter': '117013773'}]], ['111561337007239880', []]]"
2024-02-22T10:30:00Z,Week 5,LCK,111561337007239829,normal,Gen.G,GEN,2,DRX,DRX,0,bestOf_3,"[['111561337007239830', [{'parameter': '117024917'}]], ['111561337007239831', [{'parameter': '117024917'}]], ['111561337007239832', []]]"
2024-02-23T08:00:00Z,Week 5,LCK,111561337007239901,normal,Kwangdong Freecs,KDF,1,OKSavingsBank BRION,BRO,2,bestOf_3,"[['111561337007239902', [{'parameter': '117111985'}]], ['111561337007239903', [{'parameter': '117111985'}]], ['111561337007239904', [{'parameter': '117111985'}]]]"
2024-02-23T10:30:00Z,Week 5,LCK,111561337007305669,normal,Hanwha Life Esports,HLE,2,NongShim REDFORCE,NS,0,bestOf_3,"[['111561337007305670', [{'parameter': '117127301'}]], ['111561337007305671', [{'parameter': '117127301'}]], ['111561337007305672', []]]"
2024-02-24T06:00:00Z,Week 5,LCK,111561337007305689,normal,T1,T1,2,kt Rolster,KT,0,bestOf_3,"[['111561337007305690', [{'parameter': '117193201'}]], ['111561337007305691', [{'parameter': '117193201'}]], ['111561337007305692', []]]"
2024-02-24T08:30:00Z,Week 5,LCK,111561337007305645,normal,Gen.G,GEN,2,FearX,FOX,0,bestOf_3,"[['111561337007305646', [{'parameter': '117206275'}]], ['111561337007305647', [{'parameter': '117206275'}]], ['111561337007305648', []]]"
2024-02-25T06:00:00Z,Week 5,LCK,111561337007305537,normal,DRX,DRX,1,Dplus Kia,DK,2,bestOf_3,"[['111561337007305538', [{'parameter': '117318251'}]], ['111561337007305539', [{'parameter': '117318251'}]], ['111561337007305540', [{'parameter': '117318251'}]]]"
2024-02-26T10:30:00Z,Week 5,LCK,111561337007305617,normal,OKSavingsBank BRION,BRO,2,Kwangdong Freecs,KDF,1,bestOf_3,"[['111561337007305618', [{'parameter': '117415045'}]], ['111561337007305619', [{'parameter': '117415045'}]], ['111561337007305620', [{'parameter': '117415045'}]]]"
2024-02-28T08:00:00Z,Week 6,LCK,111561337007305641,normal,Kwangdong Freecs,KDF,0,Gen.G,GEN,2,bestOf_3,"[['111561337007305642', [{'parameter': '117577303'}]], ['111561337007305643', [{'parameter': '117577303'}]], ['111561337007305644', []]]"
2024-02-28T15:30:00Z,Week 6,LCK,111561337007371245,normal,T1,T1,2,FearX,FOX,0,bestOf_3,"[['111561337007371246', [{'parameter': '117595651'}]], ['111561337007371247', [{'parameter': '117619905'}]], ['111561337007371248', []]]"
2024-02-29T12:00:00Z,Week 6,LCK,111561337007305573,normal,Dplus Kia,DK,2,OKSavingsBank BRION,BRO,0,bestOf_3,"[['111561337007305574', [{'parameter': '117699843'}]], ['111561337007305575', [{'parameter': '117699843'}]], ['111561337007305576', []]]"
2024-02-29T14:30:00Z,Week 6,LCK,111561337007305565,normal,NongShim REDFORCE,NS,1,DRX,DRX,2,bestOf_3,"[['111561337007305566', [{'parameter': '117724375'}]], ['111561337007305567', [{'parameter': '117724375'}]], ['111561337007305568', [{'parameter': '117724375'}]]]"
2024-03-01T12:00:00Z,Week 6,LCK,111561337007305665,normal,Hanwha Life Esports,HLE,2,FearX,FOX,1,bestOf_3,"[['111561337007305666', [{'parameter': '117813267'}]], ['111561337007305667', [{'parameter': '117813267'}]], ['111561337007305668', [{'parameter': '117813267'}]]]"
2024-03-01T14:30:00Z,Week 6,LCK,111561337007305637,normal,Gen.G,GEN,2,kt Rolster,KT,0,bestOf_3,"[['111561337007305638', [{'parameter': '117827947'}]], ['111561337007305639', [{'parameter': '117827947'}]], ['111561337007305640', []]]"
2024-03-02T10:00:00Z,Week 6,LCK,111561337007305697,normal,Kwangdong Freecs,KDF,2,NongShim REDFORCE,NS,1,bestOf_3,"[['111561337007305698', [{'parameter': '117902599'}]], ['111561337007305699', [{'parameter': '117902599'}]], ['111561337007305700', [{'parameter': '117902599'}]]]"
2024-03-02T12:30:00Z,Week 6,LCK,111561337007305629,normal,T1,T1,2,OKSavingsBank BRION,BRO,0,bestOf_3,"[['111561337007305630', [{'parameter': '117917177'}]], ['111561337007305631', [{'parameter': '117917177'}]], ['111561337007305632', []]]"
2024-03-03T10:00:00Z,Week 6,LCK,111561337007305585,normal,kt Rolster,KT,1,Dplus Kia,DK,2,bestOf_3,"[['111561337007305586', [{'parameter': '118004639'}]], ['111561337007305587', [{'parameter': '118004639'}]], ['111561337007305588', [{'parameter': '118004639'}]]]"
2024-03-03T12:30:00Z,Week 6,LCK,111561337007305549,normal,DRX,DRX,0,Hanwha Life Esports,HLE,2,bestOf_3,"[['111561337007305550', [{'parameter': '118019139'}]], ['111561337007305551', [{'parameter': '118019139'}]], ['111561337007305552', []]]"
2024-03-06T08:00:00Z,Week 7,LCK,111561337007305541,normal,OKSavingsBank BRION,BRO,2,DRX,DRX,1,bestOf_3,"[['111561337007305542', [{'parameter': '118265677'}]], ['111561337007305543', [{'parameter': '118265677'}]], ['111561337007305544', [{'parameter': '118265677'}]]]"
2024-03-06T10:30:00Z,Week 7,LCK,111561337007305633,normal,Gen.G,GEN,2,Hanwha Life Esports,HLE,0,bestOf_3,"[['111561337007305634', [{'parameter': '118279307'}]], ['111561337007305635', [{'parameter': '118279307'}]], ['111561337007305636', []]]"
2024-03-07T08:00:00Z,Week 7,LCK,111561337007305701,normal,Kwangdong Freecs,KDF,0,T1,T1,2,bestOf_3,"[['111561337007371238', [{'parameter': '118354123'}]], ['111561337007371239', [{'parameter': '118354123'}]], ['111561337007371240', []]]"
2024-03-07T10:30:00Z,Week 7,LCK,111561337007305681,normal,FearX,FOX,0,kt Rolster,KT,2,bestOf_3,"[['111561337007305682', [{'parameter': '118366889'}]], ['111561337007305683', [{'parameter': '118366889'}]], ['111561337007305684', []]]"
2024-03-08T08:00:00Z,Week 7,LCK,111561337007305609,normal,OKSavingsBank BRION,BRO,0,Hanwha Life Esports,HLE,2,bestOf_3,"[['111561337007305610', [{'parameter': '118447325'}]], ['111561337007305611', [{'parameter': '118447325'}]], ['111561337007305612', []]]"
2024-03-08T10:30:00Z,Week 7,LCK,111561337007305597,normal,NongShim REDFORCE,NS,0,Dplus Kia,DK,2,bestOf_3,"[['111561337007305598', [{'parameter': '118460089'}]], ['111561337007305599', [{'parameter': '118460089'}]], ['111561337007305600', []]]"
2024-03-09T08:00:00Z,Week 7,LCK,111561337007305653,normal,T1,T1,0,Gen.G,GEN,2,bestOf_3,"[['111561337007305654', [{'parameter': '118546041'}]], ['111561337007305655', [{'parameter': '118546041'}]], ['111561337007305656', []]]"
2024-03-09T10:30:00Z,Week 7,LCK,111561337007305557,normal,Kwangdong Freecs,KDF,0,DRX,DRX,2,bestOf_3,"[['111561337007305558', [{'parameter': '118559325'}]], ['111561337007305559', [{'parameter': '118559325'}]], ['111561337007305560', []]]"
2024-03-10T08:00:00Z,Week 7,LCK,111561337007305685,normal,kt Rolster,KT,2,NongShim REDFORCE,NS,1,bestOf_3,"[['111561337007305686', [{'parameter': '118645355'}]], ['111561337007305687', [{'parameter': '118645355'}]], ['111561337007305688', [{'parameter': '118645355'}]]]"
2024-03-10T10:30:00Z,Week 7,LCK,111561337007305593,normal,FearX,FOX,1,Dplus Kia,DK,2,bestOf_3,"[['111561337007305594', [{'parameter': '118666289'}]], ['111561337007305595', [{'parameter': '118666289'}]], ['111561337007305596', [{'parameter': '118666289'}]]]"
2024-03-13T08:00:00Z,Week 8,LCK,111561337007305661,normal,Hanwha Life Esports,HLE,2,Kwangdong Freecs,KDF,1,bestOf_3,"[['111561337007305662', [{'parameter': '118923455'}]], ['111561337007305663', [{'parameter': '118923455'}]], ['111561337007305664', [{'parameter': '118923455'}]]]"
2024-03-13T10:30:00Z,Week 8,LCK,111561337007305601,normal,Dplus Kia,DK,0,T1,T1,2,bestOf_3,"[['111561337007305602', [{'parameter': '118942619'}]], ['111561337007305603', [{'parameter': '118942619'}]], ['111561337007305604', []]]"
2024-03-14T08:00:00Z,Week 8,LCK,111561337007305561,normal,FearX,FOX,2,DRX,DRX,0,bestOf_3,"[['111561337007305562', [{'parameter': '119016377'}]], ['111561337007305563', [{'parameter': '119016377'}]], ['111561337007305564', []]]"
2024-03-14T10:30:00Z,Week 8,LCK,111561337007305613,normal,OKSavingsBank BRION,BRO,0,kt Rolster,KT,2,bestOf_3,"[['111561337007305614', [{'parameter': '119031887'}]], ['111561337007305615', [{'parameter': '119031887'}]], ['111561337007305616', []]]"
2024-03-15T08:00:00Z,Week 8,LCK,111561337007305649,normal,Gen.G,GEN,2,NongShim REDFORCE,NS,0,bestOf_3,"[['111561337007305650', [{'parameter': '119112661'}]], ['111561337007305651', [{'parameter': '119112661'}]], ['111561337007305652', []]]"
2024-03-15T10:30:00Z,Week 8,LCK,111561337007305673,normal,T1,T1,1,Hanwha Life Esports,HLE,2,bestOf_3,"[['111561337007305674', [{'parameter': '119131273'}]], ['111561337007305675', [{'parameter': '119131273'}]], ['111561337007305676', [{'parameter': '119131273'}]]]"
2024-03-16T06:00:00Z,Week 8,LCK,111561337007305693,normal,FearX,FOX,2,Kwangdong Freecs,KDF,1,bestOf_3,"[['111561337007305694', [{'parameter': '119203257'}]], ['111561337007305695', [{'parameter': '119203257'}]], ['111561337007305696', [{'parameter': '119203257'}]]]"
2024-03-16T08:30:00Z,Week 8,LCK,111561337007305553,normal,kt Rolster,KT,2,DRX,DRX,1,bestOf_3,"[['111561337007305554', [{'parameter': '119224319'}]], ['111561337007305555', [{'parameter': '119224319'}]], ['111561337007305556', [{'parameter': '119224319'}]]]"
2024-03-17T06:00:00Z,Week 8,LCK,111561337007305625,normal,OKSavingsBank BRION,BRO,1,NongShim REDFORCE,NS,2,bestOf_3,"[['111561337007305626', [{'parameter': '119299007'}]], ['111561337007305627', [{'parameter': '119299007'}]], ['111561337007305628', [{'parameter': '119299007'}]]]"
2024-03-17T08:30:00Z,Week 8,LCK,111561337007305577,normal,Dplus Kia,DK,1,Gen.G,GEN,2,bestOf_3,"[['111561337007305578', [{'parameter': '119322429'}]], ['111561337007305579', [{'parameter': '119322429'}]], ['111561337007305580', [{'parameter': '119322429'}]]]"
2024-03-20T08:00:00Z,Week 9,LCK,111561337007305545,normal,DRX,DRX,0,Gen.G,GEN,2,bestOf_3,"[['111561337007305546', [{'parameter': '119579383'}]], ['111561337007305547', [{'parameter': '119579383'}]], ['111561337007305548', []]]"
2024-03-20T10:30:00Z,Week 9,LCK,111561337007371249,normal,NongShim REDFORCE,NS,0,T1,T1,2,bestOf_3,"[['111561337007371250', [{'parameter': '119596191'}]], ['111561337007371251', [{'parameter': '119596191'}]], ['111561337007371252', []]]"
2024-03-21T08:00:00Z,Week 9,LCK,111561337007305657,normal,kt Rolster,KT,1,Hanwha Life Esports,HLE,2,bestOf_3,"[['111561337007305658', [{'parameter': '119676891'}]], ['111561337007305659', [{'parameter': '119676891'}]], ['111561337007305660', [{'parameter': '119676891'}]]]"
2024-03-21T10:30:00Z,Week 9,LCK,111561337007305589,normal,Dplus Kia,DK,0,Kwangdong Freecs,KDF,2,bestOf_3,"[['111561337007305590', [{'parameter': '119694393'}]], ['111561337007305591', [{'parameter': '119694393'}]], ['111561337007305592', []]]"
2024-03-22T08:00:00Z,Week 9,LCK,111561337007305605,normal,Gen.G,GEN,2,OKSavingsBank BRION,BRO,0,bestOf_3,"[['111561337007305606', [{'parameter': '119764383'}]], ['111561337007305607', [{'parameter': '119764383'}]], ['111561337007305608', []]]"
2024-03-22T10:30:00Z,Week 9,LCK,111561337007371241,normal,NongShim REDFORCE,NS,2,FearX,FOX,1,bestOf_3,"[['111561337007371242', [{'parameter': '119783577'}]], ['111561337007371243', [{'parameter': '119783577'}]], ['111561337007371244', [{'parameter': '119783577'}]]]"
2024-03-23T06:00:00Z,Week 9,LCK,111561337007305581,normal,Hanwha Life Esports,HLE,2,Dplus Kia,DK,0,bestOf_3,"[['111561337007305582', [{'parameter': '119847079'}]], ['111561337007305583', [{'parameter': '119847079'}]], ['111561337007305584', []]]"
2024-03-23T08:30:00Z,Week 9,LCK,111561337007305569,normal,DRX,DRX,0,T1,T1,2,bestOf_3,"[['111561337007305570', [{'parameter': '119857063'}]], ['111561337007305571', [{'parameter': '119857063'}]], ['111561337007305572', []]]"
2024-03-24T06:00:00Z,Week 9,LCK,111561337007305621,normal,FearX,FOX,2,OKSavingsBank BRION,BRO,0,bestOf_3,"[['111561337007305622', [{'parameter': '119938985'}]], ['111561337007305623', [{'parameter': '119938985'}]], ['111561337007305624', []]]"
2024-03-24T08:30:00Z,Week 9,LCK,111561337007305677,normal,kt Rolster,KT,2,Kwangdong Freecs,KDF,0,bestOf_3,"[['111561337007305678', [{'parameter': '119953325'}]], ['111561337007305679', [{'parameter': '119953325'}]], ['111561337007305680', []]]"
2024-03-30T06:00:00Z,Playoffs - Round 1,LCK,111561337007371253,normal,Hanwha Life Esports,HLE,3,Kwangdong Freecs,KDF,0,bestOf_5,"[['111561337007371254', [{'parameter': '120491351'}]], ['111561337007371255', [{'parameter': '120491351'}]], ['111561337007371256', [{'parameter': '120491351'}]], ['111561337007371257', []], ['111561337007371258', []]]"
2024-03-31T06:00:00Z,Playoffs - Round 1,LCK,111561337007371259,normal,kt Rolster,KT,2,Dplus Kia,DK,3,bestOf_5,"[['111561337007371260', [{'parameter': '120594181'}]], ['111561337007371261', [{'parameter': '120594181'}]], ['111561337007371262', [{'parameter': '120594181'}]], ['111561337007371263', [{'parameter': '120594181'}]], ['111561337007371264', [{'parameter': '120594181'}]]]"
2024-04-03T08:00:00Z,Playoffs - Round 2,LCK,111561337007371265,normal,Gen.G,GEN,3,Dplus Kia,DK,2,bestOf_5,"[['111561337007371266', [{'parameter': '120896285'}]], ['111561337007371267', [{'parameter': '120896285'}]], ['111561337007371268', [{'parameter': '120896285'}]], ['111561337007371269', [{'parameter': '120896285'}]], ['111561337007371270', [{'parameter': '120896285'}]]]"
2024-04-04T08:00:00Z,Playoffs - Round 2,LCK,111561337007371271,normal,T1,T1,0,Hanwha Life Esports,HLE,3,bestOf_5,"[['111561337007371272', [{'parameter': '120975091'}]], ['111561337007371273', [{'parameter': '120975091'}]], ['111561337007371274', [{'parameter': '120975091'}]], ['111561337007371275', []], ['111561337007371276', []]]"
2024-04-06T06:00:00Z,Playoffs - Round 3,LCK,111561337007371277,normal,Gen.G,GEN,3,Hanwha Life Esports,HLE,1,bestOf_5,"[['111561337007371278', [{'parameter': '121163473'}]], ['111561337007371279', [{'parameter': '121163473'}]], ['111561337007371280', [{'parameter': '121163473'}]], ['111561337007371281', [{'parameter': '121163473'}]], ['111561337007371282', []]]"
2024-04-07T06:00:00Z,Playoffs - Round 3,LCK,111561337007371283,normal,T1,T1,3,Dplus Kia,DK,0,bestOf_5,"[['111561337007371284', [{'parameter': '121251767'}]], ['111561337007371285', [{'parameter': '121251767'}]], ['111561337007371286', [{'parameter': '121251767'}]], ['111561337007371287', []], ['111561337007371288', []]]"
2024-04-13T06:00:00Z,Playoffs - Round 3,LCK,111561337007371289,normal,Hanwha Life Esports,HLE,1,T1,T1,3,bestOf_5,"[['111561337007371290', [{'parameter': '121818813'}]], ['111561337007371291', [{'parameter': '121818813'}]], ['111561337007371292', [{'parameter': '121818813'}]], ['111561337007371293', [{'parameter': '121818813'}]], ['111561337007371294', []]]"
2024-04-14T06:00:00Z,Finals,LCK,111561337007371295,normal,Gen.G,GEN,3,T1,T1,2,bestOf_5,"[['111561337007371296', [{'parameter': '121920593'}]], ['111561337007371297', [{'parameter': '121920593'}]], ['111561337007371298', [{'parameter': '121920593'}]], ['111561337007371299', [{'parameter': '121920593'}]], ['111561337007371300', [{'parameter': '121920593'}]]]"
