index,gol_game_num,league,season,year,date,week,patch,format,game_in_format,game_length(min),game_length(s),red_team,blue_team,red_team_outcome,blue_team_outcome,winner,season_format,loser,riot_match_id,min_start_time
375,57849,LCK,SPRING,2024,2024-04-14,FINALS,14.6,BO5,1,43:17,2597,T1,Gen.G eSports,LOSS,WIN,Gen.G eSports,PLAYOFFS,T1,111561337007371296,2024-04-14 06:00:00+00:00
376,57850,LCK,SPRING,2024,2024-04-14,FINALS,14.6,BO5,2,32:00,1920,Gen.G eSports,T1,LOSS,WIN,T1,PLAYOFFS,Gen.G eSports,111561337007371297,2024-04-14 06:43:17+00:00
377,57851,LCK,SPRING,2024,2024-04-14,FINALS,14.6,BO5,3,37:52,2272,T1,Gen.G eSports,WIN,LOSS,T1,PLAYOFFS,Gen.G eSports,111561337007371298,2024-04-14 07:15:17+00:00
378,57852,LCK,SPRING,2024,2024-04-14,FINALS,14.6,BO5,4,29:53,1793,T1,Gen.G eSports,LOSS,WIN,Gen.G eSports,PLAYOFFS,T1,111561337007371299,2024-04-14 07:53:09+00:00
379,57853,LCK,SPRING,2024,2024-04-14,FINALS,14.6,BO5,5,42:04,2524,Gen.G eSports,T1,WIN,LOSS,Gen.G eSports,PLAYOFFS,T1,111561337007371300,2024-04-14 08:23:02+00:00
380,57794,LCK,SPRING,2024,2024-04-13,ROUND3,14.6,BO5,1,40:00,2400,T1,Hanwha Life eSports,LOSS,WIN,Hanwha Life eSports,PLAYOFFS,T1,111561337007371290,2024-04-13 06:00:00+00:00
381,57795,LCK,SPRING,2024,2024-04-13,ROUND3,14.6,BO5,2,35:17,2117,Hanwha Life eSports,T1,LOSS,WIN,T1,PLAYOFFS,Hanwha Life eSports,111561337007371291,2024-04-13 06:40:00+00:00
382,57796,LCK,SPRING,2024,2024-04-13,ROUND3,14.6,BO5,3,35:09,2109,Hanwha Life eSports,T1,LOSS,WIN,T1,PLAYOFFS,Hanwha Life eSports,111561337007371292,2024-04-13 07:15:17+00:00
383,57797,LCK,SPRING,2024,2024-04-13,ROUND3,14.6,BO5,4,39:58,2398,T1,Hanwha Life eSports,WIN,LOSS,T1,PLAYOFFS,Hanwha Life eSports,111561337007371293,2024-04-13 07:50:26+00:00
384,57718,LCK,SPRING,2024,2024-04-07,ROUND2,14.6,BO5,1,32:45,1965,Dplus KIA,T1,LOSS,WIN,T1,PLAYOFFS,Dplus KIA,111561337007371284,2024-04-07 06:00:00+00:00
385,57719,LCK,SPRING,2024,2024-04-07,ROUND2,14.6,BO5,2,33:16,1996,T1,Dplus KIA,WIN,LOSS,T1,PLAYOFFS,Dplus KIA,111561337007371285,2024-04-07 06:32:45+00:00
386,57720,LCK,SPRING,2024,2024-04-07,ROUND2,14.6,BO5,3,36:05,2165,T1,Dplus KIA,WIN,LOSS,T1,PLAYOFFS,Dplus KIA,111561337007371286,2024-04-07 07:06:01+00:00
387,57723,LCK,SPRING,2024,2024-04-06,ROUND3,14.6,BO5,1,35:15,2115,Hanwha Life eSports,Gen.G eSports,WIN,LOSS,Hanwha Life eSports,PLAYOFFS,Gen.G eSports,111561337007371278,2024-04-06 06:00:00+00:00
388,57724,LCK,SPRING,2024,2024-04-06,ROUND3,14.6,BO5,2,40:47,2447,Hanwha Life eSports,Gen.G eSports,LOSS,WIN,Gen.G eSports,PLAYOFFS,Hanwha Life eSports,111561337007371279,2024-04-06 06:35:15+00:00
389,57725,LCK,SPRING,2024,2024-04-06,ROUND3,14.6,BO5,3,42:47,2567,Gen.G eSports,Hanwha Life eSports,WIN,LOSS,Gen.G eSports,PLAYOFFS,Hanwha Life eSports,111561337007371280,2024-04-06 07:16:02+00:00
390,57726,LCK,SPRING,2024,2024-04-06,ROUND3,14.6,BO5,4,32:41,1961,Gen.G eSports,Hanwha Life eSports,WIN,LOSS,Gen.G eSports,PLAYOFFS,Hanwha Life eSports,111561337007371281,2024-04-06 07:58:49+00:00
391,57608,LCK,SPRING,2024,2024-04-04,ROUND2,14.6,BO5,1,35:35,2135,Hanwha Life eSports,T1,WIN,LOSS,Hanwha Life eSports,PLAYOFFS,T1,111561337007371272,2024-04-04 08:00:00+00:00
392,57609,LCK,SPRING,2024,2024-04-04,ROUND2,14.6,BO5,2,39:40,2380,Hanwha Life eSports,T1,WIN,LOSS,Hanwha Life eSports,PLAYOFFS,T1,111561337007371273,2024-04-04 08:35:35+00:00
393,57610,LCK,SPRING,2024,2024-04-04,ROUND2,14.6,BO5,3,31:08,1868,Hanwha Life eSports,T1,WIN,LOSS,Hanwha Life eSports,PLAYOFFS,T1,111561337007371274,2024-04-04 09:15:15+00:00
394,57603,LCK,SPRING,2024,2024-04-03,ROUND2,14.6,BO5,1,31:58,1918,Dplus KIA,Gen.G eSports,LOSS,WIN,Gen.G eSports,PLAYOFFS,Dplus KIA,111561337007371266,2024-04-03 08:00:00+00:00
395,57604,LCK,SPRING,2024,2024-04-03,ROUND2,14.6,BO5,2,35:21,2121,Gen.G eSports,Dplus KIA,LOSS,WIN,Dplus KIA,PLAYOFFS,Gen.G eSports,111561337007371267,2024-04-03 08:31:58+00:00
396,57605,LCK,SPRING,2024,2024-04-03,ROUND2,14.6,BO5,3,31:39,1899,Dplus KIA,Gen.G eSports,LOSS,WIN,Gen.G eSports,PLAYOFFS,Dplus KIA,111561337007371268,2024-04-03 09:07:19+00:00
397,57606,LCK,SPRING,2024,2024-04-03,ROUND2,14.6,BO5,4,38:03,2283,Gen.G eSports,Dplus KIA,LOSS,WIN,Dplus KIA,PLAYOFFS,Gen.G eSports,111561337007371269,2024-04-03 09:38:58+00:00
398,57607,LCK,SPRING,2024,2024-04-03,ROUND2,14.6,BO5,5,36:34,2194,Dplus KIA,Gen.G eSports,LOSS,WIN,Gen.G eSports,PLAYOFFS,Dplus KIA,111561337007371270,2024-04-03 10:17:01+00:00
399,57389,LCK,SPRING,2024,2024-03-31,ROUND1,14.6,BO5,1,38:22,2302,Dplus KIA,KT Rolster,WIN,LOSS,Dplus KIA,PLAYOFFS,KT Rolster,111561337007371260,2024-03-31 06:00:00+00:00
400,57390,LCK,SPRING,2024,2024-03-31,ROUND1,14.6,BO5,2,41:49,2509,Dplus KIA,KT Rolster,LOSS,WIN,KT Rolster,PLAYOFFS,Dplus KIA,111561337007371261,2024-03-31 06:38:22+00:00
401,57391,LCK,SPRING,2024,2024-03-31,ROUND1,14.6,BO5,3,39:30,2370,Dplus KIA,KT Rolster,LOSS,WIN,KT Rolster,PLAYOFFS,Dplus KIA,111561337007371262,2024-03-31 07:20:11+00:00
402,57392,LCK,SPRING,2024,2024-03-31,ROUND1,14.6,BO5,4,24:01,1441,KT Rolster,Dplus KIA,LOSS,WIN,Dplus KIA,PLAYOFFS,KT Rolster,111561337007371263,2024-03-31 07:59:41+00:00
403,57393,LCK,SPRING,2024,2024-03-31,ROUND1,14.6,BO5,5,30:59,1859,Dplus KIA,KT Rolster,WIN,LOSS,Dplus KIA,PLAYOFFS,KT Rolster,111561337007371264,2024-03-31 08:23:42+00:00
404,57384,LCK,SPRING,2024,2024-03-30,ROUND1,14.6,BO5,1,36:09,2169,Kwangdong Freecs,Hanwha Life eSports,LOSS,WIN,Hanwha Life eSports,PLAYOFFS,Kwangdong Freecs,111561337007371254,2024-03-30 06:00:00+00:00
405,57385,LCK,SPRING,2024,2024-03-30,ROUND1,14.6,BO5,2,29:59,1799,Kwangdong Freecs,Hanwha Life eSports,LOSS,WIN,Hanwha Life eSports,PLAYOFFS,Kwangdong Freecs,111561337007371255,2024-03-30 06:36:09+00:00
406,57386,LCK,SPRING,2024,2024-03-30,ROUND1,14.6,BO5,3,23:03,1383,Kwangdong Freecs,Hanwha Life eSports,LOSS,WIN,Hanwha Life eSports,PLAYOFFS,Kwangdong Freecs,111561337007371256,2024-03-30 07:06:08+00:00
407,57167,LCK,SPRING,2024,2024-03-24,WEEK9,14.5,BO3,1,28:14,1694,Kwangdong Freecs,KT Rolster,LOSS,WIN,KT Rolster,SEASON,Kwangdong Freecs,111561337007305678,2024-03-24 08:30:00+00:00
408,57168,LCK,SPRING,2024,2024-03-24,WEEK9,14.5,BO3,2,30:51,1851,KT Rolster,Kwangdong Freecs,WIN,LOSS,KT Rolster,SEASON,Kwangdong Freecs,111561337007305679,2024-03-24 08:58:14+00:00
409,57164,LCK,SPRING,2024,2024-03-24,WEEK9,14.5,BO3,1,34:41,2081,OK BRION,FearX,LOSS,WIN,FearX,SEASON,OK BRION,111561337007305622,2024-03-24 06:00:00+00:00
410,57165,LCK,SPRING,2024,2024-03-24,WEEK9,14.5,BO3,2,31:10,1870,FearX,OK BRION,WIN,LOSS,FearX,SEASON,OK BRION,111561337007305623,2024-03-24 06:34:41+00:00
411,57161,LCK,SPRING,2024,2024-03-23,WEEK9,14.5,BO3,1,26:14,1574,T1,DRX,WIN,LOSS,T1,SEASON,DRX,111561337007305570,2024-03-23 08:30:00+00:00
412,57162,LCK,SPRING,2024,2024-03-23,WEEK9,14.5,BO3,2,30:06,1806,T1,DRX,WIN,LOSS,T1,SEASON,DRX,111561337007305571,2024-03-23 08:56:14+00:00
413,57158,LCK,SPRING,2024,2024-03-23,WEEK9,14.5,BO3,1,32:35,1955,Dplus KIA,Hanwha Life eSports,LOSS,WIN,Hanwha Life eSports,SEASON,Dplus KIA,111561337007305582,2024-03-23 06:00:00+00:00
414,57159,LCK,SPRING,2024,2024-03-23,WEEK9,14.5,BO3,2,33:19,1999,Hanwha Life eSports,Dplus KIA,WIN,LOSS,Hanwha Life eSports,SEASON,Dplus KIA,111561337007305583,2024-03-23 06:32:35+00:00
415,57155,LCK,SPRING,2024,2024-03-22,WEEK9,14.5,BO3,1,28:53,1733,FearX,Nongshim RedForce,WIN,LOSS,FearX,SEASON,Nongshim RedForce,111561337007371242,2024-03-22 10:30:00+00:00
416,57156,LCK,SPRING,2024,2024-03-22,WEEK9,14.5,BO3,2,34:57,2097,FearX,Nongshim RedForce,LOSS,WIN,Nongshim RedForce,SEASON,FearX,111561337007371243,2024-03-22 10:58:53+00:00
417,57157,LCK,SPRING,2024,2024-03-22,WEEK9,14.5,BO3,3,40:17,2417,Nongshim RedForce,FearX,WIN,LOSS,Nongshim RedForce,SEASON,FearX,111561337007371244,2024-03-22 11:33:50+00:00
418,57152,LCK,SPRING,2024,2024-03-22,WEEK9,14.5,BO3,1,27:16,1636,OK BRION,Gen.G eSports,LOSS,WIN,Gen.G eSports,SEASON,OK BRION,111561337007305606,2024-03-22 08:00:00+00:00
419,57153,LCK,SPRING,2024,2024-03-22,WEEK9,14.5,BO3,2,32:31,1951,Gen.G eSports,OK BRION,WIN,LOSS,Gen.G eSports,SEASON,OK BRION,111561337007305607,2024-03-22 08:27:16+00:00
420,57149,LCK,SPRING,2024,2024-03-21,WEEK9,14.5,BO3,1,36:39,2199,Kwangdong Freecs,Dplus KIA,WIN,LOSS,Kwangdong Freecs,SEASON,Dplus KIA,111561337007305590,2024-03-21 10:30:00+00:00
421,57150,LCK,SPRING,2024,2024-03-21,WEEK9,14.5,BO3,2,34:55,2095,Kwangdong Freecs,Dplus KIA,WIN,LOSS,Kwangdong Freecs,SEASON,Dplus KIA,111561337007305591,2024-03-21 11:06:39+00:00
422,57146,LCK,SPRING,2024,2024-03-21,WEEK9,14.5,BO3,1,40:40,2440,Hanwha Life eSports,KT Rolster,LOSS,WIN,KT Rolster,SEASON,Hanwha Life eSports,111561337007305658,2024-03-21 08:00:00+00:00
423,57147,LCK,SPRING,2024,2024-03-21,WEEK9,14.5,BO3,2,32:30,1950,KT Rolster,Hanwha Life eSports,LOSS,WIN,Hanwha Life eSports,SEASON,KT Rolster,111561337007305659,2024-03-21 08:40:40+00:00
424,57148,LCK,SPRING,2024,2024-03-21,WEEK9,14.5,BO3,3,25:55,1555,Hanwha Life eSports,KT Rolster,WIN,LOSS,Hanwha Life eSports,SEASON,KT Rolster,111561337007305660,2024-03-21 09:13:10+00:00
425,57143,LCK,SPRING,2024,2024-03-20,WEEK9,14.5,BO3,1,22:59,1379,T1,Nongshim RedForce,WIN,LOSS,T1,SEASON,Nongshim RedForce,111561337007371250,2024-03-20 10:30:00+00:00
426,57144,LCK,SPRING,2024,2024-03-20,WEEK9,14.5,BO3,2,49:24,2964,T1,Nongshim RedForce,WIN,LOSS,T1,SEASON,Nongshim RedForce,111561337007371251,2024-03-20 10:52:59+00:00
427,57140,LCK,SPRING,2024,2024-03-20,WEEK9,14.5,BO3,1,25:00,1500,Gen.G eSports,DRX,WIN,LOSS,Gen.G eSports,SEASON,DRX,111561337007305546,2024-03-20 08:00:00+00:00
428,57141,LCK,SPRING,2024,2024-03-20,WEEK9,14.5,BO3,2,29:55,1795,Gen.G eSports,DRX,WIN,LOSS,Gen.G eSports,SEASON,DRX,111561337007305547,2024-03-20 08:25:00+00:00
429,56805,LCK,SPRING,2024,2024-03-17,WEEK8,14.4,BO3,1,32:14,1934,Gen.G eSports,Dplus KIA,LOSS,WIN,Dplus KIA,SEASON,Gen.G eSports,111561337007305578,2024-03-17 08:30:00+00:00
430,56806,LCK,SPRING,2024,2024-03-17,WEEK8,14.4,BO3,2,36:27,2187,Dplus KIA,Gen.G eSports,LOSS,WIN,Gen.G eSports,SEASON,Dplus KIA,111561337007305579,2024-03-17 09:02:14+00:00
431,56807,LCK,SPRING,2024,2024-03-17,WEEK8,14.4,BO3,3,42:38,2558,Gen.G eSports,Dplus KIA,WIN,LOSS,Gen.G eSports,SEASON,Dplus KIA,111561337007305580,2024-03-17 09:38:41+00:00
432,56802,LCK,SPRING,2024,2024-03-17,WEEK8,14.4,BO3,1,47:18,2838,Nongshim RedForce,OK BRION,LOSS,WIN,OK BRION,SEASON,Nongshim RedForce,111561337007305626,2024-03-17 06:00:00+00:00
433,56803,LCK,SPRING,2024,2024-03-17,WEEK8,14.4,BO3,2,29:55,1795,OK BRION,Nongshim RedForce,LOSS,WIN,Nongshim RedForce,SEASON,OK BRION,111561337007305627,2024-03-17 06:47:18+00:00
434,56804,LCK,SPRING,2024,2024-03-17,WEEK8,14.4,BO3,3,37:41,2261,Nongshim RedForce,OK BRION,WIN,LOSS,Nongshim RedForce,SEASON,OK BRION,111561337007305628,2024-03-17 07:17:13+00:00
435,56799,LCK,SPRING,2024,2024-03-16,WEEK8,14.4,BO3,1,26:46,1606,DRX,KT Rolster,LOSS,WIN,KT Rolster,SEASON,DRX,111561337007305554,2024-03-16 08:30:00+00:00
436,56800,LCK,SPRING,2024,2024-03-16,WEEK8,14.4,BO3,2,39:59,2399,KT Rolster,DRX,LOSS,WIN,DRX,SEASON,KT Rolster,111561337007305555,2024-03-16 08:56:46+00:00
437,56801,LCK,SPRING,2024,2024-03-16,WEEK8,14.4,BO3,3,31:47,1907,DRX,KT Rolster,LOSS,WIN,KT Rolster,SEASON,DRX,111561337007305556,2024-03-16 09:36:45+00:00
438,56796,LCK,SPRING,2024,2024-03-16,WEEK8,14.4,BO3,1,45:39,2739,Kwangdong Freecs,FearX,WIN,LOSS,Kwangdong Freecs,SEASON,FearX,111561337007305694,2024-03-16 06:00:00+00:00
439,56797,LCK,SPRING,2024,2024-03-16,WEEK8,14.4,BO3,2,42:11,2531,Kwangdong Freecs,FearX,LOSS,WIN,FearX,SEASON,Kwangdong Freecs,111561337007305695,2024-03-16 06:45:39+00:00
440,56798,LCK,SPRING,2024,2024-03-16,WEEK8,14.4,BO3,3,31:29,1889,FearX,Kwangdong Freecs,WIN,LOSS,FearX,SEASON,Kwangdong Freecs,111561337007305696,2024-03-16 07:27:50+00:00
441,56793,LCK,SPRING,2024,2024-03-15,WEEK8,14.4,BO3,1,30:57,1857,Hanwha Life eSports,T1,WIN,LOSS,Hanwha Life eSports,SEASON,T1,111561337007305674,2024-03-15 10:30:00+00:00
442,56794,LCK,SPRING,2024,2024-03-15,WEEK8,14.4,BO3,2,33:12,1992,Hanwha Life eSports,T1,LOSS,WIN,T1,SEASON,Hanwha Life eSports,111561337007305675,2024-03-15 11:00:57+00:00
443,56795,LCK,SPRING,2024,2024-03-15,WEEK8,14.4,BO3,3,31:31,1891,T1,Hanwha Life eSports,LOSS,WIN,Hanwha Life eSports,SEASON,T1,111561337007305676,2024-03-15 11:34:09+00:00
444,56790,LCK,SPRING,2024,2024-03-15,WEEK8,14.4,BO3,1,31:49,1909,Nongshim RedForce,Gen.G eSports,LOSS,WIN,Gen.G eSports,SEASON,Nongshim RedForce,111561337007305650,2024-03-15 08:00:00+00:00
445,56791,LCK,SPRING,2024,2024-03-15,WEEK8,14.4,BO3,2,32:16,1936,Nongshim RedForce,Gen.G eSports,LOSS,WIN,Gen.G eSports,SEASON,Nongshim RedForce,111561337007305651,2024-03-15 08:31:49+00:00
446,56787,LCK,SPRING,2024,2024-03-14,WEEK8,14.4,BO3,1,24:08,1448,KT Rolster,OK BRION,WIN,LOSS,KT Rolster,SEASON,OK BRION,111561337007305614,2024-03-14 10:30:00+00:00
447,56788,LCK,SPRING,2024,2024-03-14,WEEK8,14.4,BO3,2,42:36,2556,KT Rolster,OK BRION,WIN,LOSS,KT Rolster,SEASON,OK BRION,111561337007305615,2024-03-14 10:54:08+00:00
448,56784,LCK,SPRING,2024,2024-03-14,WEEK8,14.4,BO3,1,32:20,1940,DRX,FearX,LOSS,WIN,FearX,SEASON,DRX,111561337007305562,2024-03-14 08:00:00+00:00
449,56785,LCK,SPRING,2024,2024-03-14,WEEK8,14.4,BO3,2,33:26,2006,FearX,DRX,WIN,LOSS,FearX,SEASON,DRX,111561337007305563,2024-03-14 08:32:20+00:00
450,56781,LCK,SPRING,2024,2024-03-13,WEEK8,14.4,BO3,1,35:59,2159,T1,Dplus KIA,WIN,LOSS,T1,SEASON,Dplus KIA,111561337007305602,2024-03-13 10:30:00+00:00
451,56782,LCK,SPRING,2024,2024-03-13,WEEK8,14.4,BO3,2,38:12,2292,T1,Dplus KIA,WIN,LOSS,T1,SEASON,Dplus KIA,111561337007305603,2024-03-13 11:05:59+00:00
452,56778,LCK,SPRING,2024,2024-03-13,WEEK8,14.4,BO3,1,27:17,1637,Kwangdong Freecs,Hanwha Life eSports,LOSS,WIN,Hanwha Life eSports,SEASON,Kwangdong Freecs,111561337007305662,2024-03-13 08:00:00+00:00
453,56779,LCK,SPRING,2024,2024-03-13,WEEK8,14.4,BO3,2,40:29,2429,Hanwha Life eSports,Kwangdong Freecs,LOSS,WIN,Kwangdong Freecs,SEASON,Hanwha Life eSports,111561337007305663,2024-03-13 08:27:17+00:00
454,56780,LCK,SPRING,2024,2024-03-13,WEEK8,14.4,BO3,3,25:36,1536,Kwangdong Freecs,Hanwha Life eSports,LOSS,WIN,Hanwha Life eSports,SEASON,Kwangdong Freecs,111561337007305664,2024-03-13 09:07:46+00:00
455,56534,LCK,SPRING,2024,2024-03-10,WEEK7,14.4,BO3,1,38:53,2333,Dplus KIA,FearX,LOSS,WIN,FearX,SEASON,Dplus KIA,111561337007305594,2024-03-10 10:30:00+00:00
456,56535,LCK,SPRING,2024,2024-03-10,WEEK7,14.4,BO3,2,28:53,1733,FearX,Dplus KIA,LOSS,WIN,Dplus KIA,SEASON,FearX,111561337007305595,2024-03-10 11:08:53+00:00
457,56536,LCK,SPRING,2024,2024-03-10,WEEK7,14.4,BO3,3,39:25,2365,FearX,Dplus KIA,LOSS,WIN,Dplus KIA,SEASON,FearX,111561337007305596,2024-03-10 11:37:46+00:00
458,56531,LCK,SPRING,2024,2024-03-10,WEEK7,14.4,BO3,1,26:31,1591,Nongshim RedForce,KT Rolster,LOSS,WIN,KT Rolster,SEASON,Nongshim RedForce,111561337007305686,2024-03-10 08:00:00+00:00
459,56532,LCK,SPRING,2024,2024-03-10,WEEK7,14.4,BO3,2,33:15,1995,KT Rolster,Nongshim RedForce,LOSS,WIN,Nongshim RedForce,SEASON,KT Rolster,111561337007305687,2024-03-10 08:26:31+00:00
460,56533,LCK,SPRING,2024,2024-03-10,WEEK7,14.4,BO3,3,31:07,1867,Nongshim RedForce,KT Rolster,LOSS,WIN,KT Rolster,SEASON,Nongshim RedForce,111561337007305688,2024-03-10 08:59:46+00:00
461,56528,LCK,SPRING,2024,2024-03-09,WEEK7,14.4,BO3,1,43:16,2596,DRX,Kwangdong Freecs,WIN,LOSS,DRX,SEASON,Kwangdong Freecs,111561337007305558,2024-03-09 10:30:00+00:00
462,56529,LCK,SPRING,2024,2024-03-09,WEEK7,14.4,BO3,2,30:37,1837,DRX,Kwangdong Freecs,WIN,LOSS,DRX,SEASON,Kwangdong Freecs,111561337007305559,2024-03-09 11:13:16+00:00
463,56525,LCK,SPRING,2024,2024-03-09,WEEK7,14.4,BO3,1,26:55,1615,Gen.G eSports,T1,WIN,LOSS,Gen.G eSports,SEASON,T1,111561337007305654,2024-03-09 08:00:00+00:00
464,56526,LCK,SPRING,2024,2024-03-09,WEEK7,14.4,BO3,2,31:26,1886,Gen.G eSports,T1,WIN,LOSS,Gen.G eSports,SEASON,T1,111561337007305655,2024-03-09 08:26:55+00:00
465,56522,LCK,SPRING,2024,2024-03-08,WEEK7,14.4,BO3,1,40:34,2434,Dplus KIA,Nongshim RedForce,WIN,LOSS,Dplus KIA,SEASON,Nongshim RedForce,111561337007305598,2024-03-08 10:30:00+00:00
466,56523,LCK,SPRING,2024,2024-03-08,WEEK7,14.4,BO3,2,33:02,1982,Dplus KIA,Nongshim RedForce,WIN,LOSS,Dplus KIA,SEASON,Nongshim RedForce,111561337007305599,2024-03-08 11:10:34+00:00
467,56519,LCK,SPRING,2024,2024-03-08,WEEK7,14.4,BO3,1,25:35,1535,Hanwha Life eSports,OK BRION,WIN,LOSS,Hanwha Life eSports,SEASON,OK BRION,111561337007305610,2024-03-08 08:00:00+00:00
468,56520,LCK,SPRING,2024,2024-03-08,WEEK7,14.4,BO3,2,26:29,1589,Hanwha Life eSports,OK BRION,WIN,LOSS,Hanwha Life eSports,SEASON,OK BRION,111561337007305611,2024-03-08 08:25:35+00:00
469,56516,LCK,SPRING,2024,2024-03-07,WEEK7,14.4,BO3,1,42:16,2536,KT Rolster,FearX,WIN,LOSS,KT Rolster,SEASON,FearX,111561337007305682,2024-03-07 10:30:00+00:00
470,56517,LCK,SPRING,2024,2024-03-07,WEEK7,14.4,BO3,2,36:14,2174,KT Rolster,FearX,WIN,LOSS,KT Rolster,SEASON,FearX,111561337007305683,2024-03-07 11:12:16+00:00
471,56513,LCK,SPRING,2024,2024-03-07,WEEK7,14.4,BO3,1,29:09,1749,T1,Kwangdong Freecs,WIN,LOSS,T1,SEASON,Kwangdong Freecs,111561337007305702,2024-03-07 08:00:00+00:00
472,56514,LCK,SPRING,2024,2024-03-07,WEEK7,14.4,BO3,2,25:02,1502,Kwangdong Freecs,T1,LOSS,WIN,T1,SEASON,Kwangdong Freecs,111561337007305703,2024-03-07 08:29:09+00:00
473,56510,LCK,SPRING,2024,2024-03-06,WEEK7,14.4,BO3,1,30:04,1804,Hanwha Life eSports,Gen.G eSports,LOSS,WIN,Gen.G eSports,SEASON,Hanwha Life eSports,111561337007305634,2024-03-06 10:30:00+00:00
474,56511,LCK,SPRING,2024,2024-03-06,WEEK7,14.4,BO3,2,28:07,1687,Hanwha Life eSports,Gen.G eSports,LOSS,WIN,Gen.G eSports,SEASON,Hanwha Life eSports,111561337007305635,2024-03-06 11:00:04+00:00
475,56507,LCK,SPRING,2024,2024-03-06,WEEK7,14.4,BO3,1,30:51,1851,DRX,OK BRION,WIN,LOSS,DRX,SEASON,OK BRION,111561337007305542,2024-03-06 08:00:00+00:00
476,56508,LCK,SPRING,2024,2024-03-06,WEEK7,14.4,BO3,2,36:36,2196,DRX,OK BRION,LOSS,WIN,OK BRION,SEASON,DRX,111561337007305543,2024-03-06 08:30:51+00:00
477,56509,LCK,SPRING,2024,2024-03-06,WEEK7,14.4,BO3,3,41:17,2477,OK BRION,DRX,WIN,LOSS,OK BRION,SEASON,DRX,111561337007305544,2024-03-06 09:07:27+00:00
478,55909,LCK,SPRING,2024,2024-03-03,WEEK6,14.3,BO3,1,30:36,1836,Hanwha Life eSports,DRX,WIN,LOSS,Hanwha Life eSports,SEASON,DRX,111561337007305550,2024-03-03 12:30:00+00:00
479,55910,LCK,SPRING,2024,2024-03-03,WEEK6,14.3,BO3,2,30:36,1836,Hanwha Life eSports,DRX,WIN,LOSS,Hanwha Life eSports,SEASON,DRX,111561337007305551,2024-03-03 13:00:36+00:00
480,55906,LCK,SPRING,2024,2024-03-03,WEEK6,14.3,BO3,1,54:45,3285,Dplus KIA,KT Rolster,WIN,LOSS,Dplus KIA,SEASON,KT Rolster,111561337007305586,2024-03-03 10:00:00+00:00
481,55907,LCK,SPRING,2024,2024-03-03,WEEK6,14.3,BO3,2,31:16,1876,Dplus KIA,KT Rolster,LOSS,WIN,KT Rolster,SEASON,Dplus KIA,111561337007305587,2024-03-03 10:54:45+00:00
482,55908,LCK,SPRING,2024,2024-03-03,WEEK6,14.3,BO3,3,51:40,3100,KT Rolster,Dplus KIA,LOSS,WIN,Dplus KIA,SEASON,KT Rolster,111561337007305588,2024-03-03 11:26:01+00:00
483,55903,LCK,SPRING,2024,2024-03-02,WEEK6,14.3,BO3,1,30:09,1809,OK BRION,T1,LOSS,WIN,T1,SEASON,OK BRION,111561337007305630,2024-03-02 12:30:00+00:00
484,55904,LCK,SPRING,2024,2024-03-02,WEEK6,14.3,BO3,2,30:57,1857,T1,OK BRION,WIN,LOSS,T1,SEASON,OK BRION,111561337007305631,2024-03-02 13:00:09+00:00
485,55900,LCK,SPRING,2024,2024-03-02,WEEK6,14.3,BO3,1,36:55,2215,Nongshim RedForce,Kwangdong Freecs,LOSS,WIN,Kwangdong Freecs,SEASON,Nongshim RedForce,111561337007305698,2024-03-02 10:00:00+00:00
486,55901,LCK,SPRING,2024,2024-03-02,WEEK6,14.3,BO3,2,31:25,1885,Kwangdong Freecs,Nongshim RedForce,LOSS,WIN,Nongshim RedForce,SEASON,Kwangdong Freecs,111561337007305699,2024-03-02 10:36:55+00:00
487,55902,LCK,SPRING,2024,2024-03-02,WEEK6,14.3,BO3,3,29:45,1785,Nongshim RedForce,Kwangdong Freecs,LOSS,WIN,Kwangdong Freecs,SEASON,Nongshim RedForce,111561337007305700,2024-03-02 11:08:20+00:00
488,55897,LCK,SPRING,2024,2024-03-01,WEEK6,14.3,BO3,1,29:20,1760,KT Rolster,Gen.G eSports,LOSS,WIN,Gen.G eSports,SEASON,KT Rolster,111561337007305638,2024-03-01 14:30:00+00:00
489,55898,LCK,SPRING,2024,2024-03-01,WEEK6,14.3,BO3,2,35:25,2125,Gen.G eSports,KT Rolster,WIN,LOSS,Gen.G eSports,SEASON,KT Rolster,111561337007305639,2024-03-01 14:59:20+00:00
490,55894,LCK,SPRING,2024,2024-03-01,WEEK6,14.3,BO3,1,36:02,2162,FearX,Hanwha Life eSports,WIN,LOSS,FearX,SEASON,Hanwha Life eSports,111561337007305666,2024-03-01 12:00:00+00:00
491,55895,LCK,SPRING,2024,2024-03-01,WEEK6,14.3,BO3,2,41:12,2472,FearX,Hanwha Life eSports,LOSS,WIN,Hanwha Life eSports,SEASON,FearX,111561337007305667,2024-03-01 12:36:02+00:00
492,55896,LCK,SPRING,2024,2024-03-01,WEEK6,14.3,BO3,3,28:34,1714,Hanwha Life eSports,FearX,WIN,LOSS,Hanwha Life eSports,SEASON,FearX,111561337007305668,2024-03-01 13:17:14+00:00
493,55891,LCK,SPRING,2024,2024-02-29,WEEK6,14.3,BO3,1,42:41,2561,DRX,Nongshim RedForce,LOSS,WIN,Nongshim RedForce,SEASON,DRX,111561337007305566,2024-02-29 14:30:00+00:00
494,55892,LCK,SPRING,2024,2024-02-29,WEEK6,14.3,BO3,2,33:57,2037,Nongshim RedForce,DRX,LOSS,WIN,DRX,SEASON,Nongshim RedForce,111561337007305567,2024-02-29 15:12:41+00:00
495,55893,LCK,SPRING,2024,2024-02-29,WEEK6,14.3,BO3,3,38:39,2319,DRX,Nongshim RedForce,WIN,LOSS,DRX,SEASON,Nongshim RedForce,111561337007305568,2024-02-29 15:46:38+00:00
496,55888,LCK,SPRING,2024,2024-02-29,WEEK6,14.3,BO3,1,28:15,1695,OK BRION,Dplus KIA,LOSS,WIN,Dplus KIA,SEASON,OK BRION,111561337007305574,2024-02-29 12:00:00+00:00
497,55889,LCK,SPRING,2024,2024-02-29,WEEK6,14.3,BO3,2,32:59,1979,Dplus KIA,OK BRION,WIN,LOSS,Dplus KIA,SEASON,OK BRION,111561337007305575,2024-02-29 12:28:15+00:00
498,55885,LCK,SPRING,2024,2024-02-28,WEEK6,14.3,BO3,1,30:01,1801,FearX,T1,LOSS,WIN,T1,SEASON,FearX,111561337007371246,2024-02-28 15:30:00+00:00
499,55886,LCK,SPRING,2024,2024-02-28,WEEK6,14.3,BO3,2,25:01,1501,T1,FearX,WIN,LOSS,T1,SEASON,FearX,111561337007371247,2024-02-28 16:00:01+00:00
500,55882,LCK,SPRING,2024,2024-02-28,WEEK6,14.3,BO3,1,32:40,1960,Gen.G eSports,Kwangdong Freecs,WIN,LOSS,Gen.G eSports,SEASON,Kwangdong Freecs,111561337007305642,2024-02-28 08:00:00+00:00
501,55883,LCK,SPRING,2024,2024-02-28,WEEK6,14.3,BO3,2,32:19,1939,Gen.G eSports,Kwangdong Freecs,WIN,LOSS,Gen.G eSports,SEASON,Kwangdong Freecs,111561337007305643,2024-02-28 08:32:40+00:00
502,56138,LCK,SPRING,2024,2024-02-26,WEEK5,14.3,BO3,1,27:28,1648,Kwangdong Freecs,OK BRION,LOSS,WIN,OK BRION,SEASON,Kwangdong Freecs,111561337007305618,2024-02-26 10:30:00+00:00
503,56139,LCK,SPRING,2024,2024-02-26,WEEK5,14.3,BO3,2,32:46,1966,OK BRION,Kwangdong Freecs,LOSS,WIN,Kwangdong Freecs,SEASON,OK BRION,111561337007305619,2024-02-26 10:57:28+00:00
504,56140,LCK,SPRING,2024,2024-02-26,WEEK5,14.3,BO3,3,35:06,2106,Kwangdong Freecs,OK BRION,LOSS,WIN,OK BRION,SEASON,Kwangdong Freecs,111561337007305620,2024-02-26 11:30:14+00:00
505,55632,LCK,SPRING,2024,2024-02-25,WEEK5,14.3,BO3,1,25:50,1550,Dplus KIA,DRX,WIN,LOSS,Dplus KIA,SEASON,DRX,111561337007305538,2024-02-25 06:00:00+00:00
506,55633,LCK,SPRING,2024,2024-02-25,WEEK5,14.3,BO3,2,38:19,2299,Dplus KIA,DRX,LOSS,WIN,DRX,SEASON,Dplus KIA,111561337007305539,2024-02-25 06:25:50+00:00
507,55634,LCK,SPRING,2024,2024-02-25,WEEK5,14.3,BO3,3,37:33,2253,DRX,Dplus KIA,LOSS,WIN,Dplus KIA,SEASON,DRX,111561337007305540,2024-02-25 07:04:09+00:00
508,55629,LCK,SPRING,2024,2024-02-24,WEEK5,14.3,BO3,1,35:03,2103,FearX,Gen.G eSports,LOSS,WIN,Gen.G eSports,SEASON,FearX,111561337007305646,2024-02-24 08:30:00+00:00
509,55630,LCK,SPRING,2024,2024-02-24,WEEK5,14.3,BO3,2,28:11,1691,FearX,Gen.G eSports,LOSS,WIN,Gen.G eSports,SEASON,FearX,111561337007305647,2024-02-24 09:05:03+00:00
510,55626,LCK,SPRING,2024,2024-02-24,WEEK5,14.3,BO3,1,31:23,1883,KT Rolster,T1,LOSS,WIN,T1,SEASON,KT Rolster,111561337007305690,2024-02-24 06:00:00+00:00
511,55627,LCK,SPRING,2024,2024-02-24,WEEK5,14.3,BO3,2,32:03,1923,T1,KT Rolster,WIN,LOSS,T1,SEASON,KT Rolster,111561337007305691,2024-02-24 06:31:23+00:00
512,55623,LCK,SPRING,2024,2024-02-23,WEEK5,14.3,BO3,1,24:59,1499,Nongshim RedForce,Hanwha Life eSports,LOSS,WIN,Hanwha Life eSports,SEASON,Nongshim RedForce,111561337007305670,2024-02-23 10:30:00+00:00
513,55624,LCK,SPRING,2024,2024-02-23,WEEK5,14.3,BO3,2,30:04,1804,Hanwha Life eSports,Nongshim RedForce,WIN,LOSS,Hanwha Life eSports,SEASON,Nongshim RedForce,111561337007305671,2024-02-23 10:54:59+00:00
514,55620,LCK,SPRING,2024,2024-02-23,WEEK5,14.3,BO3,1,32:19,1939,OK BRION,Kwangdong Freecs,WIN,LOSS,OK BRION,SEASON,Kwangdong Freecs,111561337007239902,2024-02-23 08:00:00+00:00
515,55621,LCK,SPRING,2024,2024-02-23,WEEK5,14.3,BO3,2,31:41,1901,OK BRION,Kwangdong Freecs,LOSS,WIN,Kwangdong Freecs,SEASON,OK BRION,111561337007239903,2024-02-23 08:32:19+00:00
516,55622,LCK,SPRING,2024,2024-02-23,WEEK5,14.3,BO3,3,43:42,2622,Kwangdong Freecs,OK BRION,LOSS,WIN,OK BRION,SEASON,Kwangdong Freecs,111561337007239904,2024-02-23 09:04:00+00:00
517,55617,LCK,SPRING,2024,2024-02-22,WEEK5,14.3,BO3,1,28:48,1728,DRX,Gen.G eSports,LOSS,WIN,Gen.G eSports,SEASON,DRX,111561337007239830,2024-02-22 10:30:00+00:00
518,55618,LCK,SPRING,2024,2024-02-22,WEEK5,14.3,BO3,2,22:03,1323,Gen.G eSports,DRX,WIN,LOSS,Gen.G eSports,SEASON,DRX,111561337007239831,2024-02-22 10:58:48+00:00
519,55614,LCK,SPRING,2024,2024-02-22,WEEK5,14.3,BO3,1,34:08,2048,FearX,Dplus KIA,LOSS,WIN,Dplus KIA,SEASON,FearX,111561337007239878,2024-02-22 08:00:00+00:00
520,55615,LCK,SPRING,2024,2024-02-22,WEEK5,14.3,BO3,2,26:40,1600,Dplus KIA,FearX,WIN,LOSS,Dplus KIA,SEASON,FearX,111561337007239879,2024-02-22 08:34:08+00:00
521,55611,LCK,SPRING,2024,2024-02-21,WEEK5,14.3,BO3,1,55:09,3309,KT Rolster,Hanwha Life eSports,LOSS,WIN,Hanwha Life eSports,SEASON,KT Rolster,111561337007239942,2024-02-21 10:30:00+00:00
522,55612,LCK,SPRING,2024,2024-02-21,WEEK5,14.3,BO3,2,29:56,1796,KT Rolster,Hanwha Life eSports,LOSS,WIN,Hanwha Life eSports,SEASON,KT Rolster,111561337007239943,2024-02-21 11:25:09+00:00
523,55608,LCK,SPRING,2024,2024-02-21,WEEK5,14.3,BO3,1,28:42,1722,Nongshim RedForce,T1,LOSS,WIN,T1,SEASON,Nongshim RedForce,111561337007305534,2024-02-21 08:00:00+00:00
524,55609,LCK,SPRING,2024,2024-02-21,WEEK5,14.3,BO3,2,41:41,2501,T1,Nongshim RedForce,LOSS,WIN,Nongshim RedForce,SEASON,T1,111561337007305535,2024-02-21 08:28:42+00:00
525,55610,LCK,SPRING,2024,2024-02-21,WEEK5,14.3,BO3,3,29:31,1771,Nongshim RedForce,T1,LOSS,WIN,T1,SEASON,Nongshim RedForce,111561337007305536,2024-02-21 09:10:23+00:00
526,54934,LCK,SPRING,2024,2024-02-18,WEEK4,14.2,BO3,1,32:07,1927,OK BRION,Nongshim RedForce,LOSS,WIN,Nongshim RedForce,SEASON,OK BRION,111561337007239910,2024-02-18 08:30:00+00:00
527,54935,LCK,SPRING,2024,2024-02-18,WEEK4,14.2,BO3,2,28:49,1729,Nongshim RedForce,OK BRION,WIN,LOSS,Nongshim RedForce,SEASON,OK BRION,111561337007239911,2024-02-18 09:02:07+00:00
528,54931,LCK,SPRING,2024,2024-02-18,WEEK4,14.2,BO3,1,30:08,1808,T1,FearX,WIN,LOSS,T1,SEASON,FearX,111561337007305530,2024-02-18 06:00:00+00:00
529,54932,LCK,SPRING,2024,2024-02-18,WEEK4,14.2,BO3,2,27:33,1653,T1,FearX,WIN,LOSS,T1,SEASON,FearX,111561337007305531,2024-02-18 06:30:08+00:00
530,54928,LCK,SPRING,2024,2024-02-17,WEEK4,14.2,BO3,1,27:49,1669,DRX,Dplus KIA,LOSS,WIN,Dplus KIA,SEASON,DRX,111561337007239822,2024-02-17 08:30:00+00:00
531,54929,LCK,SPRING,2024,2024-02-17,WEEK4,14.2,BO3,2,24:15,1455,Dplus KIA,DRX,WIN,LOSS,Dplus KIA,SEASON,DRX,111561337007239823,2024-02-17 08:57:49+00:00
532,54925,LCK,SPRING,2024,2024-02-17,WEEK4,14.2,BO3,1,24:51,1491,Hanwha Life eSports,Gen.G eSports,LOSS,WIN,Gen.G eSports,SEASON,Hanwha Life eSports,111561337007239918,2024-02-17 06:00:00+00:00
533,54926,LCK,SPRING,2024,2024-02-17,WEEK4,14.2,BO3,2,33:14,1994,Gen.G eSports,Hanwha Life eSports,WIN,LOSS,Gen.G eSports,SEASON,Hanwha Life eSports,111561337007239919,2024-02-17 06:24:51+00:00
534,54922,LCK,SPRING,2024,2024-02-16,WEEK4,14.2,BO3,1,30:37,1837,FearX,Kwangdong Freecs,LOSS,WIN,Kwangdong Freecs,SEASON,FearX,111561337007305514,2024-02-16 10:30:00+00:00
535,54923,LCK,SPRING,2024,2024-02-16,WEEK4,14.2,BO3,2,28:33,1713,Kwangdong Freecs,FearX,LOSS,WIN,FearX,SEASON,Kwangdong Freecs,111561337007305515,2024-02-16 11:00:37+00:00
536,54924,LCK,SPRING,2024,2024-02-16,WEEK4,14.2,BO3,3,42:51,2571,FearX,Kwangdong Freecs,LOSS,WIN,Kwangdong Freecs,SEASON,FearX,111561337007305516,2024-02-16 11:29:10+00:00
537,54919,LCK,SPRING,2024,2024-02-16,WEEK4,14.2,BO3,1,27:09,1629,KT Rolster,Nongshim RedForce,WIN,LOSS,KT Rolster,SEASON,Nongshim RedForce,111561337007305506,2024-02-16 08:00:00+00:00
538,54920,LCK,SPRING,2024,2024-02-16,WEEK4,14.2,BO3,2,26:32,1592,KT Rolster,Nongshim RedForce,WIN,LOSS,KT Rolster,SEASON,Nongshim RedForce,111561337007305507,2024-02-16 08:27:09+00:00
539,54916,LCK,SPRING,2024,2024-02-15,WEEK4,14.2,BO3,1,26:45,1605,OK BRION,Hanwha Life eSports,LOSS,WIN,Hanwha Life eSports,SEASON,OK BRION,111561337007239894,2024-02-15 10:30:00+00:00
540,54917,LCK,SPRING,2024,2024-02-15,WEEK4,14.2,BO3,2,33:07,1987,Hanwha Life eSports,OK BRION,WIN,LOSS,Hanwha Life eSports,SEASON,OK BRION,111561337007239895,2024-02-15 10:56:45+00:00
541,54913,LCK,SPRING,2024,2024-02-15,WEEK4,14.2,BO3,1,25:03,1503,Dplus KIA,T1,LOSS,WIN,T1,SEASON,Dplus KIA,111561337007239886,2024-02-15 08:00:00+00:00
542,54914,LCK,SPRING,2024,2024-02-15,WEEK4,14.2,BO3,2,37:25,2245,T1,Dplus KIA,WIN,LOSS,T1,SEASON,Dplus KIA,111561337007239887,2024-02-15 08:25:03+00:00
543,54910,LCK,SPRING,2024,2024-02-14,WEEK4,14.2,BO3,1,33:22,2002,Kwangdong Freecs,DRX,WIN,LOSS,Kwangdong Freecs,SEASON,DRX,111561337007239842,2024-02-14 10:30:00+00:00
544,54911,LCK,SPRING,2024,2024-02-14,WEEK4,14.2,BO3,2,41:43,2503,Kwangdong Freecs,DRX,WIN,LOSS,Kwangdong Freecs,SEASON,DRX,111561337007239843,2024-02-14 11:03:22+00:00
545,54907,LCK,SPRING,2024,2024-02-14,WEEK4,14.2,BO3,1,32:13,1933,Gen.G eSports,KT Rolster,LOSS,WIN,KT Rolster,SEASON,Gen.G eSports,111561337007239922,2024-02-14 08:00:00+00:00
546,54908,LCK,SPRING,2024,2024-02-14,WEEK4,14.2,BO3,2,29:33,1773,KT Rolster,Gen.G eSports,WIN,LOSS,KT Rolster,SEASON,Gen.G eSports,111561337007239923,2024-02-14 08:32:13+00:00
547,54575,LCK,SPRING,2024,2024-02-04,WEEK3,14.1,BO3,1,32:42,1962,Gen.G eSports,FearX,WIN,LOSS,Gen.G eSports,SEASON,FearX,111561337007239930,2024-02-04 08:30:00+00:00
548,54576,LCK,SPRING,2024,2024-02-04,WEEK3,14.1,BO3,2,23:37,1417,FearX,Gen.G eSports,LOSS,WIN,Gen.G eSports,SEASON,FearX,111561337007239931,2024-02-04 09:02:42+00:00
549,54572,LCK,SPRING,2024,2024-02-04,WEEK3,14.1,BO3,1,27:17,1637,Hanwha Life eSports,Nongshim RedForce,WIN,LOSS,Hanwha Life eSports,SEASON,Nongshim RedForce,111561337007305490,2024-02-04 06:00:00+00:00
550,54573,LCK,SPRING,2024,2024-02-04,WEEK3,14.1,BO3,2,37:40,2260,Hanwha Life eSports,Nongshim RedForce,LOSS,WIN,Nongshim RedForce,SEASON,Hanwha Life eSports,111561337007305491,2024-02-04 06:27:17+00:00
551,54574,LCK,SPRING,2024,2024-02-04,WEEK3,14.1,BO3,3,25:19,1519,Nongshim RedForce,Hanwha Life eSports,LOSS,WIN,Hanwha Life eSports,SEASON,Nongshim RedForce,111561337007305492,2024-02-04 07:04:57+00:00
552,54569,LCK,SPRING,2024,2024-02-03,WEEK3,14.1,BO3,1,24:31,1471,OK BRION,T1,LOSS,WIN,T1,SEASON,OK BRION,111561337007239914,2024-02-03 08:30:00+00:00
553,54570,LCK,SPRING,2024,2024-02-03,WEEK3,14.1,BO3,2,30:41,1841,T1,OK BRION,WIN,LOSS,T1,SEASON,OK BRION,111561337007239915,2024-02-03 08:54:31+00:00
554,54566,LCK,SPRING,2024,2024-02-03,WEEK3,14.1,BO3,1,36:50,2210,KT Rolster,DRX,LOSS,WIN,DRX,SEASON,KT Rolster,111561337007239838,2024-02-03 06:00:00+00:00
555,54567,LCK,SPRING,2024,2024-02-03,WEEK3,14.1,BO3,2,27:34,1654,DRX,KT Rolster,LOSS,WIN,KT Rolster,SEASON,DRX,111561337007239839,2024-02-03 06:36:50+00:00
556,54568,LCK,SPRING,2024,2024-02-03,WEEK3,14.1,BO3,3,41:51,2511,KT Rolster,DRX,WIN,LOSS,KT Rolster,SEASON,DRX,111561337007239840,2024-02-03 07:04:24+00:00
557,54563,LCK,SPRING,2024,2024-02-02,WEEK3,14.1,BO3,1,29:15,1755,Hanwha Life eSports,Dplus KIA,WIN,LOSS,Hanwha Life eSports,SEASON,Dplus KIA,111561337007239866,2024-02-02 10:30:00+00:00
558,54564,LCK,SPRING,2024,2024-02-02,WEEK3,14.1,BO3,2,33:53,2033,Hanwha Life eSports,Dplus KIA,WIN,LOSS,Hanwha Life eSports,SEASON,Dplus KIA,111561337007239867,2024-02-02 10:59:15+00:00
559,54560,LCK,SPRING,2024,2024-02-02,WEEK3,14.1,BO3,1,34:10,2050,Gen.G eSports,Kwangdong Freecs,WIN,LOSS,Gen.G eSports,SEASON,Kwangdong Freecs,111561337007239926,2024-02-02 08:00:00+00:00
560,54561,LCK,SPRING,2024,2024-02-02,WEEK3,14.1,BO3,2,24:09,1449,Gen.G eSports,Kwangdong Freecs,WIN,LOSS,Gen.G eSports,SEASON,Kwangdong Freecs,111561337007239927,2024-02-02 08:34:10+00:00
561,54557,LCK,SPRING,2024,2024-02-01,WEEK3,14.1,BO3,1,39:07,2347,Nongshim RedForce,FearX,LOSS,WIN,FearX,SEASON,Nongshim RedForce,111561337007305526,2024-02-01 10:30:00+00:00
562,54558,LCK,SPRING,2024,2024-02-01,WEEK3,14.1,BO3,2,32:54,1974,FearX,Nongshim RedForce,LOSS,WIN,Nongshim RedForce,SEASON,FearX,111561337007305527,2024-02-01 11:09:07+00:00
563,54559,LCK,SPRING,2024,2024-02-01,WEEK3,14.1,BO3,3,35:27,2127,Nongshim RedForce,FearX,LOSS,WIN,FearX,SEASON,Nongshim RedForce,111561337007305528,2024-02-01 11:42:01+00:00
564,54554,LCK,SPRING,2024,2024-02-01,WEEK3,14.1,BO3,1,29:05,1745,DRX,T1,LOSS,WIN,T1,SEASON,DRX,111561337007239854,2024-02-01 08:00:00+00:00
565,54555,LCK,SPRING,2024,2024-02-01,WEEK3,14.1,BO3,2,23:59,1439,T1,DRX,WIN,LOSS,T1,SEASON,DRX,111561337007239855,2024-02-01 08:29:05+00:00
566,54551,LCK,SPRING,2024,2024-01-31,WEEK3,14.1,BO3,1,31:37,1897,OK BRION,KT Rolster,LOSS,WIN,KT Rolster,SEASON,OK BRION,111561337007239898,2024-01-31 10:30:00+00:00
567,54552,LCK,SPRING,2024,2024-01-31,WEEK3,14.1,BO3,2,28:10,1690,OK BRION,KT Rolster,LOSS,WIN,KT Rolster,SEASON,OK BRION,111561337007239899,2024-01-31 11:01:37+00:00
568,54548,LCK,SPRING,2024,2024-01-31,WEEK3,14.1,BO3,1,38:36,2316,Dplus KIA,Kwangdong Freecs,LOSS,WIN,Kwangdong Freecs,SEASON,Dplus KIA,111561337007239874,2024-01-31 08:00:00+00:00
569,54549,LCK,SPRING,2024,2024-01-31,WEEK3,14.1,BO3,2,31:40,1900,Dplus KIA,Kwangdong Freecs,LOSS,WIN,Kwangdong Freecs,SEASON,Dplus KIA,111561337007239875,2024-01-31 08:38:36+00:00
570,54084,LCK,SPRING,2024,2024-01-28,WEEK2,14.1,BO3,1,36:13,2173,T1,Hanwha Life eSports,WIN,LOSS,T1,SEASON,Hanwha Life eSports,111561337007305494,2024-01-28 08:30:00+00:00
571,54085,LCK,SPRING,2024,2024-01-28,WEEK2,14.1,BO3,2,28:09,1689,T1,Hanwha Life eSports,WIN,LOSS,T1,SEASON,Hanwha Life eSports,111561337007305495,2024-01-28 09:06:13+00:00
572,54081,LCK,SPRING,2024,2024-01-28,WEEK2,14.1,BO3,1,33:10,1990,OK BRION,DRX,WIN,LOSS,OK BRION,SEASON,DRX,111561337007239826,2024-01-28 06:00:00+00:00
573,54082,LCK,SPRING,2024,2024-01-28,WEEK2,14.1,BO3,2,39:33,2373,DRX,OK BRION,WIN,LOSS,DRX,SEASON,OK BRION,111561337007239827,2024-01-28 06:33:10+00:00
574,54083,LCK,SPRING,2024,2024-01-28,WEEK2,14.1,BO3,3,34:34,2074,OK BRION,DRX,LOSS,WIN,DRX,SEASON,OK BRION,111561337007239828,2024-01-28 07:12:43+00:00
575,54078,LCK,SPRING,2024,2024-01-27,WEEK2,14.1,BO3,1,35:24,2124,Nongshim RedForce,Kwangdong Freecs,LOSS,WIN,Kwangdong Freecs,SEASON,Nongshim RedForce,111561337007305518,2024-01-27 08:30:00+00:00
576,54079,LCK,SPRING,2024,2024-01-27,WEEK2,14.1,BO3,2,42:27,2547,Kwangdong Freecs,Nongshim RedForce,WIN,LOSS,Kwangdong Freecs,SEASON,Nongshim RedForce,111561337007305519,2024-01-27 09:05:24+00:00
577,54075,LCK,SPRING,2024,2024-01-27,WEEK2,14.1,BO3,1,37:04,2224,Dplus KIA,Gen.G eSports,WIN,LOSS,Dplus KIA,SEASON,Gen.G eSports,111561337007239862,2024-01-27 06:00:00+00:00
578,54076,LCK,SPRING,2024,2024-01-27,WEEK2,14.1,BO3,2,42:32,2552,Dplus KIA,Gen.G eSports,LOSS,WIN,Gen.G eSports,SEASON,Dplus KIA,111561337007239863,2024-01-27 06:37:04+00:00
579,54077,LCK,SPRING,2024,2024-01-27,WEEK2,14.1,BO3,3,29:33,1773,Gen.G eSports,Dplus KIA,WIN,LOSS,Gen.G eSports,SEASON,Dplus KIA,111561337007239864,2024-01-27 07:19:36+00:00
580,54072,LCK,SPRING,2024,2024-01-26,WEEK2,14.1,BO3,1,42:16,2536,DRX,FearX,LOSS,WIN,FearX,SEASON,DRX,111561337007239846,2024-01-26 10:30:00+00:00
581,54073,LCK,SPRING,2024,2024-01-26,WEEK2,14.1,BO3,2,31:58,1918,FearX,DRX,LOSS,WIN,DRX,SEASON,FearX,111561337007239847,2024-01-26 11:12:16+00:00
582,54074,LCK,SPRING,2024,2024-01-26,WEEK2,14.1,BO3,3,29:42,1782,FearX,DRX,WIN,LOSS,FearX,SEASON,DRX,111561337007239848,2024-01-26 11:44:14+00:00
583,54069,LCK,SPRING,2024,2024-01-26,WEEK2,14.1,BO3,1,35:30,2130,T1,KT Rolster,LOSS,WIN,KT Rolster,SEASON,T1,111561337007305510,2024-01-26 08:00:00+00:00
584,54070,LCK,SPRING,2024,2024-01-26,WEEK2,14.1,BO3,2,21:11,1271,KT Rolster,T1,LOSS,WIN,T1,SEASON,KT Rolster,111561337007305511,2024-01-26 08:35:30+00:00
585,54071,LCK,SPRING,2024,2024-01-26,WEEK2,14.1,BO3,3,29:11,1751,T1,KT Rolster,WIN,LOSS,T1,SEASON,KT Rolster,111561337007305512,2024-01-26 08:56:41+00:00
586,54066,LCK,SPRING,2024,2024-01-25,WEEK2,14.1,BO3,1,31:42,1902,Gen.G eSports,OK BRION,WIN,LOSS,Gen.G eSports,SEASON,OK BRION,111561337007239890,2024-01-25 10:30:00+00:00
587,54067,LCK,SPRING,2024,2024-01-25,WEEK2,14.1,BO3,2,27:37,1657,Gen.G eSports,OK BRION,WIN,LOSS,Gen.G eSports,SEASON,OK BRION,111561337007239891,2024-01-25 11:01:42+00:00
588,54063,LCK,SPRING,2024,2024-01-25,WEEK2,14.1,BO3,1,25:58,1558,Nongshim RedForce,Dplus KIA,LOSS,WIN,Dplus KIA,SEASON,Nongshim RedForce,111561337007239882,2024-01-25 08:00:00+00:00
589,54064,LCK,SPRING,2024,2024-01-25,WEEK2,14.1,BO3,2,26:01,1561,Dplus KIA,Nongshim RedForce,WIN,LOSS,Dplus KIA,SEASON,Nongshim RedForce,111561337007239883,2024-01-25 08:25:58+00:00
590,54060,LCK,SPRING,2024,2024-01-24,WEEK2,14.1,BO3,1,40:28,2428,Kwangdong Freecs,KT Rolster,LOSS,WIN,KT Rolster,SEASON,Kwangdong Freecs,111561337007305498,2024-01-24 10:30:00+00:00
591,54061,LCK,SPRING,2024,2024-01-24,WEEK2,14.1,BO3,2,31:18,1878,Kwangdong Freecs,KT Rolster,WIN,LOSS,Kwangdong Freecs,SEASON,KT Rolster,111561337007305499,2024-01-24 11:10:28+00:00
592,54062,LCK,SPRING,2024,2024-01-24,WEEK2,14.1,BO3,3,34:38,2078,Kwangdong Freecs,KT Rolster,WIN,LOSS,Kwangdong Freecs,SEASON,KT Rolster,111561337007305500,2024-01-24 11:41:46+00:00
593,54057,LCK,SPRING,2024,2024-01-24,WEEK2,14.1,BO3,1,32:06,1926,Hanwha Life eSports,FearX,WIN,LOSS,Hanwha Life eSports,SEASON,FearX,111561337007305486,2024-01-24 08:00:00+00:00
594,54058,LCK,SPRING,2024,2024-01-24,WEEK2,14.1,BO3,2,21:23,1283,FearX,Hanwha Life eSports,LOSS,WIN,Hanwha Life eSports,SEASON,FearX,111561337007305487,2024-01-24 08:32:06+00:00
595,53903,LCK,SPRING,2024,2024-01-21,WEEK1,14.1,BO3,1,25:44,1544,KT Rolster,Dplus KIA,LOSS,WIN,Dplus KIA,SEASON,KT Rolster,111561337007239870,2024-01-21 08:30:00+00:00
596,53904,LCK,SPRING,2024,2024-01-21,WEEK1,14.1,BO3,2,45:00,2700,Dplus KIA,KT Rolster,LOSS,WIN,KT Rolster,SEASON,Dplus KIA,111561337007239871,2024-01-21 08:55:44+00:00
597,53905,LCK,SPRING,2024,2024-01-21,WEEK1,14.1,BO3,3,39:10,2350,KT Rolster,Dplus KIA,WIN,LOSS,KT Rolster,SEASON,Dplus KIA,111561337007239872,2024-01-21 09:40:44+00:00
598,53900,LCK,SPRING,2024,2024-01-21,WEEK1,14.1,BO3,1,36:21,2181,Kwangdong Freecs,Hanwha Life eSports,LOSS,WIN,Hanwha Life eSports,SEASON,Kwangdong Freecs,111561337007305482,2024-01-21 06:00:00+00:00
599,53901,LCK,SPRING,2024,2024-01-21,WEEK1,14.1,BO3,2,31:09,1869,Kwangdong Freecs,Hanwha Life eSports,LOSS,WIN,Hanwha Life eSports,SEASON,Kwangdong Freecs,111561337007305483,2024-01-21 06:36:21+00:00
600,53897,LCK,SPRING,2024,2024-01-20,WEEK1,14.1,BO3,1,26:07,1567,Gen.G eSports,Nongshim RedForce,WIN,LOSS,Gen.G eSports,SEASON,Nongshim RedForce,111561337007239934,2024-01-20 08:30:00+00:00
601,53898,LCK,SPRING,2024,2024-01-20,WEEK1,14.1,BO3,2,23:07,1387,Nongshim RedForce,Gen.G eSports,LOSS,WIN,Gen.G eSports,SEASON,Nongshim RedForce,111561337007239935,2024-01-20 08:56:07+00:00
602,53894,LCK,SPRING,2024,2024-01-20,WEEK1,14.1,BO3,1,25:56,1556,FearX,OK BRION,WIN,LOSS,FearX,SEASON,OK BRION,111561337007239906,2024-01-20 06:00:00+00:00
603,53895,LCK,SPRING,2024,2024-01-20,WEEK1,14.1,BO3,2,29:04,1744,OK BRION,FearX,LOSS,WIN,FearX,SEASON,OK BRION,111561337007239907,2024-01-20 06:25:56+00:00
604,53891,LCK,SPRING,2024,2024-01-19,WEEK1,14.1,BO3,1,25:56,1556,Kwangdong Freecs,T1,LOSS,WIN,T1,SEASON,Kwangdong Freecs,111561337007305522,2024-01-19 10:30:00+00:00
605,53892,LCK,SPRING,2024,2024-01-19,WEEK1,14.1,BO3,2,26:46,1606,Kwangdong Freecs,T1,LOSS,WIN,T1,SEASON,Kwangdong Freecs,111561337007305523,2024-01-19 10:55:56+00:00
606,53888,LCK,SPRING,2024,2024-01-19,WEEK1,14.1,BO3,1,32:20,1940,DRX,Hanwha Life eSports,LOSS,WIN,Hanwha Life eSports,SEASON,DRX,111561337007239834,2024-01-19 08:00:00+00:00
607,53889,LCK,SPRING,2024,2024-01-19,WEEK1,14.1,BO3,2,23:10,1390,DRX,Hanwha Life eSports,LOSS,WIN,Hanwha Life eSports,SEASON,DRX,111561337007239835,2024-01-19 08:32:20+00:00
608,53885,LCK,SPRING,2024,2024-01-18,WEEK1,14.1,BO3,1,34:28,2068,FearX,KT Rolster,LOSS,WIN,KT Rolster,SEASON,FearX,111561337007305502,2024-01-18 10:30:00+00:00
609,53886,LCK,SPRING,2024,2024-01-18,WEEK1,14.1,BO3,2,26:31,1591,KT Rolster,FearX,WIN,LOSS,KT Rolster,SEASON,FearX,111561337007305503,2024-01-18 11:04:28+00:00
610,53882,LCK,SPRING,2024,2024-01-18,WEEK1,14.1,BO3,1,29:12,1752,Dplus KIA,OK BRION,WIN,LOSS,Dplus KIA,SEASON,OK BRION,111561337007239858,2024-01-18 08:00:00+00:00
611,53883,LCK,SPRING,2024,2024-01-18,WEEK1,14.1,BO3,2,39:08,2348,Dplus KIA,OK BRION,WIN,LOSS,Dplus KIA,SEASON,OK BRION,111561337007239859,2024-01-18 08:29:12+00:00
612,53705,LCK,SPRING,2024,2024-01-17,WEEK1,14.1,BO3,1,28:59,1739,T1,Gen.G eSports,WIN,LOSS,T1,SEASON,Gen.G eSports,111561337007239938,2024-01-17 10:30:00+00:00
613,53706,LCK,SPRING,2024,2024-01-17,WEEK1,14.1,BO3,2,31:30,1890,Gen.G eSports,T1,WIN,LOSS,Gen.G eSports,SEASON,T1,111561337007239939,2024-01-17 10:58:59+00:00
614,53707,LCK,SPRING,2024,2024-01-17,WEEK1,14.1,BO3,3,42:51,2571,Gen.G eSports,T1,WIN,LOSS,Gen.G eSports,SEASON,T1,111561337007239940,2024-01-17 11:30:29+00:00
615,53702,LCK,SPRING,2024,2024-01-17,WEEK1,14.1,BO3,1,41:47,2507,Nongshim RedForce,DRX,WIN,LOSS,Nongshim RedForce,SEASON,DRX,111561337007239850,2024-01-17 08:00:00+00:00
616,53703,LCK,SPRING,2024,2024-01-17,WEEK1,14.1,BO3,2,28:30,1710,Nongshim RedForce,DRX,WIN,LOSS,Nongshim RedForce,SEASON,DRX,111561337007239851,2024-01-17 08:41:47+00:00
617,57613,LCS,SPRING,2024,2024-03-31,FINALS,14.5,BO5,1,25:31,1531,Team Liquid,FlyQuest,WIN,LOSS,Team Liquid,PLAYOFFS,FlyQuest,111861082639032064,2024-03-31 20:00:00+00:00
618,57614,LCS,SPRING,2024,2024-03-31,FINALS,14.5,BO5,2,30:04,1804,Team Liquid,FlyQuest,LOSS,WIN,FlyQuest,PLAYOFFS,Team Liquid,111861082639032065,2024-03-31 20:25:31+00:00
619,57615,LCS,SPRING,2024,2024-03-31,FINALS,14.5,BO5,3,33:11,1991,FlyQuest,Team Liquid,LOSS,WIN,Team Liquid,PLAYOFFS,FlyQuest,111861082639032066,2024-03-31 20:55:35+00:00
620,57616,LCS,SPRING,2024,2024-03-31,FINALS,14.5,BO5,4,32:25,1945,Team Liquid,FlyQuest,WIN,LOSS,Team Liquid,PLAYOFFS,FlyQuest,111861082639032067,2024-03-31 21:28:46+00:00
621,57394,LCS,SPRING,2024,2024-03-30,ROUND3,14.5,BO5,1,29:35,1775,Team Liquid,Cloud9,WIN,LOSS,Team Liquid,PLAYOFFS,Cloud9,111861082639032058,2024-03-30 20:00:00+00:00
622,57395,LCS,SPRING,2024,2024-03-30,ROUND3,14.5,BO5,2,33:24,2004,Cloud9,Team Liquid,LOSS,WIN,Team Liquid,PLAYOFFS,Cloud9,111861082639032059,2024-03-30 20:29:35+00:00
623,57396,LCS,SPRING,2024,2024-03-30,ROUND3,14.5,BO5,3,30:30,1830,Cloud9,Team Liquid,LOSS,WIN,Team Liquid,PLAYOFFS,Cloud9,111861082639032060,2024-03-30 21:02:59+00:00
624,57261,LCS,SPRING,2024,2024-03-23,ROUND2,14.5,BO5,1,36:42,2202,FlyQuest,Cloud9,WIN,LOSS,FlyQuest,PLAYOFFS,Cloud9,111861082639032034,2024-03-23 20:00:00+00:00
625,57262,LCS,SPRING,2024,2024-03-23,ROUND2,14.5,BO5,2,26:30,1590,Cloud9,FlyQuest,LOSS,WIN,FlyQuest,PLAYOFFS,Cloud9,111861082639032035,2024-03-23 20:36:42+00:00
626,57263,LCS,SPRING,2024,2024-03-23,ROUND2,14.5,BO5,3,32:41,1961,Cloud9,FlyQuest,LOSS,WIN,FlyQuest,PLAYOFFS,Cloud9,111861082639032036,2024-03-23 21:03:12+00:00
627,57256,LCS,SPRING,2024,2024-03-22,ROUND2,14.5,BO5,1,24:41,1481,Team Liquid,100 Thieves,WIN,LOSS,Team Liquid,PLAYOFFS,100 Thieves,111861082639032052,2024-03-22 20:00:00+00:00
628,57257,LCS,SPRING,2024,2024-03-22,ROUND2,14.5,BO5,2,35:26,2126,Team Liquid,100 Thieves,LOSS,WIN,100 Thieves,PLAYOFFS,Team Liquid,111861082639032053,2024-03-22 20:24:41+00:00
629,57258,LCS,SPRING,2024,2024-03-22,ROUND2,14.5,BO5,3,39:31,2371,100 Thieves,Team Liquid,LOSS,WIN,Team Liquid,PLAYOFFS,100 Thieves,111861082639032054,2024-03-22 21:00:07+00:00
630,57259,LCS,SPRING,2024,2024-03-22,ROUND2,14.5,BO5,4,28:31,1711,Team Liquid,100 Thieves,WIN,LOSS,Team Liquid,PLAYOFFS,100 Thieves,111861082639032055,2024-03-22 21:39:38+00:00
631,57096,LCS,SPRING,2024,2024-03-17,ROUND1,14.5,BO5,1,31:22,1882,Dignitas,Team Liquid,LOSS,WIN,Team Liquid,PLAYOFFS,Dignitas,111861082639032046,2024-03-17 20:00:00+00:00
632,57097,LCS,SPRING,2024,2024-03-17,ROUND1,14.5,BO5,2,25:22,1522,Team Liquid,Dignitas,WIN,LOSS,Team Liquid,PLAYOFFS,Dignitas,111861082639032047,2024-03-17 20:31:22+00:00
633,57098,LCS,SPRING,2024,2024-03-17,ROUND1,14.5,BO5,3,27:36,1656,Team Liquid,Dignitas,WIN,LOSS,Team Liquid,PLAYOFFS,Dignitas,111861082639032048,2024-03-17 20:56:44+00:00
634,57091,LCS,SPRING,2024,2024-03-16,ROUND1,14.5,BO5,1,38:11,2291,NRG,100 Thieves,WIN,LOSS,NRG,PLAYOFFS,100 Thieves,111861082639032040,2024-03-16 20:00:00+00:00
635,57092,LCS,SPRING,2024,2024-03-16,ROUND1,14.5,BO5,2,30:12,1812,NRG,100 Thieves,LOSS,WIN,100 Thieves,PLAYOFFS,NRG,111861082639032041,2024-03-16 20:38:11+00:00
636,57093,LCS,SPRING,2024,2024-03-16,ROUND1,14.5,BO5,3,34:03,2043,100 Thieves,NRG,WIN,LOSS,100 Thieves,PLAYOFFS,NRG,111861082639032042,2024-03-16 21:08:23+00:00
637,57094,LCS,SPRING,2024,2024-03-16,ROUND1,14.5,BO5,4,35:13,2113,100 Thieves,NRG,LOSS,WIN,NRG,PLAYOFFS,100 Thieves,111861082639032043,2024-03-16 21:42:26+00:00
638,57095,LCS,SPRING,2024,2024-03-16,ROUND1,14.5,BO5,5,36:41,2201,NRG,100 Thieves,LOSS,WIN,100 Thieves,PLAYOFFS,NRG,111861082639032044,2024-03-16 22:17:39+00:00
639,56824,LCS,SPRING,2024,2024-03-15,ROUND1,14.5,BO5,1,36:48,2208,Team Liquid,FlyQuest,LOSS,WIN,FlyQuest,PLAYOFFS,Team Liquid,111861082638180054,2024-03-15 20:00:00+00:00
640,56825,LCS,SPRING,2024,2024-03-15,ROUND1,14.5,BO5,2,36:26,2186,Team Liquid,FlyQuest,WIN,LOSS,Team Liquid,PLAYOFFS,FlyQuest,111861082638180055,2024-03-15 20:36:48+00:00
641,56826,LCS,SPRING,2024,2024-03-15,ROUND1,14.5,BO5,3,31:31,1891,Team Liquid,FlyQuest,LOSS,WIN,FlyQuest,PLAYOFFS,Team Liquid,111861082638180056,2024-03-15 21:13:14+00:00
642,56827,LCS,SPRING,2024,2024-03-15,ROUND1,14.5,BO5,4,28:22,1702,FlyQuest,Team Liquid,LOSS,WIN,Team Liquid,PLAYOFFS,FlyQuest,111861082638180057,2024-03-15 21:44:45+00:00
643,56828,LCS,SPRING,2024,2024-03-15,ROUND1,14.5,BO5,5,41:29,2489,Team Liquid,FlyQuest,LOSS,WIN,FlyQuest,PLAYOFFS,Team Liquid,111861082638180058,2024-03-15 22:13:07+00:00
644,56819,LCS,SPRING,2024,2024-03-14,ROUND1,14.5,BO5,1,34:26,2066,Cloud9,100 Thieves,WIN,LOSS,Cloud9,PLAYOFFS,100 Thieves,111861082639032028,2024-03-14 20:00:00+00:00
645,56820,LCS,SPRING,2024,2024-03-14,ROUND1,14.5,BO5,2,27:27,1647,Cloud9,100 Thieves,WIN,LOSS,Cloud9,PLAYOFFS,100 Thieves,111861082639032029,2024-03-14 20:34:26+00:00
646,56821,LCS,SPRING,2024,2024-03-14,ROUND1,14.5,BO5,3,25:23,1523,100 Thieves,Cloud9,LOSS,WIN,Cloud9,PLAYOFFS,100 Thieves,111861082639032030,2024-03-14 21:01:53+00:00
647,56818,LCS,SPRING,2024,2024-03-10,TIEBREAKERS,14.5,BO1,1,23:32,1412,Dignitas,NRG,WIN,LOSS,Dignitas,SEASON,NRG,112073983074115810,2024-03-11 00:00:00+00:00
648,56463,LCS,SPRING,2024,2024-03-10,WEEK6,14.5,BO1,1,30:52,1852,Dignitas,FlyQuest,LOSS,WIN,FlyQuest,SEASON,Dignitas,111504634866275328,2024-03-10 23:00:00+00:00
649,56462,LCS,SPRING,2024,2024-03-10,WEEK6,14.5,BO1,1,51:56,3116,Shopify Rebellion,Cloud9,LOSS,WIN,Cloud9,SEASON,Shopify Rebellion,111504634866209758,2024-03-10 22:00:00+00:00
650,56461,LCS,SPRING,2024,2024-03-10,WEEK6,14.5,BO1,1,32:50,1970,100 Thieves,NRG,WIN,LOSS,100 Thieves,SEASON,NRG,111504634866275314,2024-03-10 21:00:00+00:00
651,56460,LCS,SPRING,2024,2024-03-10,WEEK6,14.5,BO1,1,31:28,1888,Team Liquid,Immortals,WIN,LOSS,Team Liquid,SEASON,Immortals,111504634866275344,2024-03-10 20:00:00+00:00
652,56459,LCS,SPRING,2024,2024-03-09,WEEK6,14.5,BO1,1,28:22,1702,100 Thieves,Shopify Rebellion,WIN,LOSS,100 Thieves,SEASON,Shopify Rebellion,111504634866209756,2024-03-10 00:00:00+00:00
653,56458,LCS,SPRING,2024,2024-03-09,WEEK6,14.5,BO1,1,34:20,2060,Dignitas,Team Liquid,WIN,LOSS,Dignitas,SEASON,Team Liquid,111504634866275334,2024-03-09 23:00:00+00:00
654,56457,LCS,SPRING,2024,2024-03-09,WEEK6,14.5,BO1,1,43:58,2638,NRG,FlyQuest,LOSS,WIN,FlyQuest,SEASON,NRG,111504634866275338,2024-03-09 22:00:00+00:00
655,56456,LCS,SPRING,2024,2024-03-09,WEEK6,14.5,BO1,1,30:31,1831,Cloud9,Immortals,LOSS,WIN,Immortals,SEASON,Cloud9,111504634866275322,2024-03-09 21:00:00+00:00
656,56455,LCS,SPRING,2024,2024-03-08,WEEK6,14.5,BO1,1,37:44,2264,Shopify Rebellion,NRG,WIN,LOSS,Shopify Rebellion,SEASON,NRG,111504634866209766,2024-03-09 00:00:00+00:00
657,56454,LCS,SPRING,2024,2024-03-08,WEEK6,14.5,BO1,1,28:14,1694,Immortals,100 Thieves,LOSS,WIN,100 Thieves,SEASON,Immortals,111504634866275312,2024-03-08 23:00:00+00:00
658,56453,LCS,SPRING,2024,2024-03-08,WEEK6,14.5,BO1,1,30:52,1852,FlyQuest,Team Liquid,LOSS,WIN,Team Liquid,SEASON,FlyQuest,111504634866275340,2024-03-08 22:00:00+00:00
659,56452,LCS,SPRING,2024,2024-03-08,WEEK6,14.5,BO1,1,26:21,1581,Cloud9,Dignitas,WIN,LOSS,Cloud9,SEASON,Dignitas,111504634866275318,2024-03-08 21:00:00+00:00
660,55315,LCS,SPRING,2024,2024-03-03,WEEK5,14.4,BO1,1,44:10,2650,Shopify Rebellion,Dignitas,LOSS,WIN,Dignitas,SEASON,Shopify Rebellion,111504634866209760,2024-03-03 23:00:00+00:00
661,55314,LCS,SPRING,2024,2024-03-03,WEEK5,14.4,BO1,1,43:42,2622,Cloud9,Team Liquid,WIN,LOSS,Cloud9,SEASON,Team Liquid,111504634866275326,2024-03-04 00:00:00+00:00
662,55313,LCS,SPRING,2024,2024-03-03,WEEK5,14.4,BO1,1,46:21,2781,NRG,Immortals,WIN,LOSS,NRG,SEASON,Immortals,111504634866275342,2024-03-03 21:00:00+00:00
663,55312,LCS,SPRING,2024,2024-03-03,WEEK5,14.4,BO1,1,30:21,1821,100 Thieves,FlyQuest,LOSS,WIN,FlyQuest,SEASON,100 Thieves,111504634866275310,2024-03-03 22:00:00+00:00
664,55311,LCS,SPRING,2024,2024-03-02,WEEK5,14.4,BO1,1,38:17,2297,Immortals,Shopify Rebellion,LOSS,WIN,Shopify Rebellion,SEASON,Immortals,111504634866209764,2024-03-02 21:00:00+00:00
665,55310,LCS,SPRING,2024,2024-03-02,WEEK5,14.4,BO1,1,43:28,2608,Team Liquid,NRG,LOSS,WIN,NRG,SEASON,Team Liquid,111504634866275346,2024-03-02 23:00:00+00:00
666,55309,LCS,SPRING,2024,2024-03-02,WEEK5,14.4,BO1,1,33:43,2023,Dignitas,100 Thieves,LOSS,WIN,100 Thieves,SEASON,Dignitas,111504634866209772,2024-03-03 00:00:00+00:00
667,55308,LCS,SPRING,2024,2024-03-02,WEEK5,14.4,BO1,1,29:42,1782,FlyQuest,Cloud9,LOSS,WIN,Cloud9,SEASON,FlyQuest,111504634866275320,2024-03-02 22:00:00+00:00
668,55010,LCS,SPRING,2024,2024-02-11,WEEK4,14.3,BO1,1,26:58,1618,NRG,Dignitas,LOSS,WIN,Dignitas,SEASON,NRG,111504634866275332,2024-02-11 22:00:00+00:00
669,55009,LCS,SPRING,2024,2024-02-11,WEEK4,14.3,BO1,1,46:01,2761,Cloud9,100 Thieves,LOSS,WIN,100 Thieves,SEASON,Cloud9,111504634866209770,2024-02-11 21:00:00+00:00
670,55008,LCS,SPRING,2024,2024-02-11,WEEK4,14.3,BO1,1,31:32,1892,Immortals,FlyQuest,LOSS,WIN,FlyQuest,SEASON,Immortals,111504634866275336,2024-02-12 00:00:00+00:00
671,55007,LCS,SPRING,2024,2024-02-11,WEEK4,14.3,BO1,1,26:24,1584,Shopify Rebellion,Team Liquid,LOSS,WIN,Team Liquid,SEASON,Shopify Rebellion,111504634866209768,2024-02-11 23:00:00+00:00
672,55006,LCS,SPRING,2024,2024-02-10,WEEK4,14.3,BO1,1,34:39,2079,Dignitas,Immortals,WIN,LOSS,Dignitas,SEASON,Immortals,111504634866275330,2024-02-10 22:00:00+00:00
673,55005,LCS,SPRING,2024,2024-02-10,WEEK4,14.3,BO1,1,31:01,1861,Cloud9,NRG,WIN,LOSS,Cloud9,SEASON,NRG,111504634866275324,2024-02-10 21:00:00+00:00
674,55004,LCS,SPRING,2024,2024-02-10,WEEK4,14.3,BO1,1,32:10,1930,Team Liquid,100 Thieves,LOSS,WIN,100 Thieves,SEASON,Team Liquid,111504634866275316,2024-02-10 23:00:00+00:00
675,55003,LCS,SPRING,2024,2024-02-10,WEEK4,14.3,BO1,1,29:15,1755,FlyQuest,Shopify Rebellion,LOSS,WIN,Shopify Rebellion,SEASON,FlyQuest,111504634866209762,2024-02-11 00:00:00+00:00
676,54692,LCS,SPRING,2024,2024-02-04,WEEK3,14.2,BO1,1,34:04,2044,Immortals,NRG,WIN,LOSS,Immortals,SEASON,NRG,111504634866209750,2024-02-05 00:00:00+00:00
677,54691,LCS,SPRING,2024,2024-02-04,WEEK3,14.2,BO1,1,28:34,1714,100 Thieves,Shopify Rebellion,WIN,LOSS,100 Thieves,SEASON,Shopify Rebellion,111504634866078628,2024-02-04 23:00:00+00:00
678,54690,LCS,SPRING,2024,2024-02-04,WEEK3,14.2,BO1,1,29:29,1769,Cloud9,Team Liquid,LOSS,WIN,Team Liquid,SEASON,Cloud9,111504634866209734,2024-02-04 22:00:00+00:00
679,54689,LCS,SPRING,2024,2024-02-04,WEEK3,14.2,BO1,1,28:07,1687,FlyQuest,Dignitas,WIN,LOSS,FlyQuest,SEASON,Dignitas,111504634866209736,2024-02-04 21:00:00+00:00
680,54688,LCS,SPRING,2024,2024-02-03,WEEK3,14.2,BO1,1,30:48,1848,Shopify Rebellion,NRG,WIN,LOSS,Shopify Rebellion,SEASON,NRG,111504634866209710,2024-02-04 00:00:00+00:00
681,54687,LCS,SPRING,2024,2024-02-03,WEEK3,14.2,BO1,1,33:09,1989,100 Thieves,Immortals,WIN,LOSS,100 Thieves,SEASON,Immortals,111504634866209720,2024-02-03 23:00:00+00:00
682,54686,LCS,SPRING,2024,2024-02-03,WEEK3,14.2,BO1,1,31:18,1878,Cloud9,FlyQuest,LOSS,WIN,FlyQuest,SEASON,Cloud9,111504634866209728,2024-02-03 22:00:00+00:00
683,54685,LCS,SPRING,2024,2024-02-03,WEEK3,14.2,BO1,1,31:31,1891,Team Liquid,Dignitas,WIN,LOSS,Team Liquid,SEASON,Dignitas,111504634866209742,2024-02-03 21:00:00+00:00
684,54684,LCS,SPRING,2024,2024-02-02,WEEK3,14.2,BO1,1,26:35,1595,FlyQuest,100 Thieves,WIN,LOSS,FlyQuest,SEASON,100 Thieves,111504634866209718,2024-02-03 00:00:00+00:00
685,54683,LCS,SPRING,2024,2024-02-02,WEEK3,14.2,BO1,1,28:05,1685,Dignitas,Shopify Rebellion,WIN,LOSS,Dignitas,SEASON,Shopify Rebellion,111504634866144168,2024-02-02 23:00:00+00:00
686,54682,LCS,SPRING,2024,2024-02-02,WEEK3,14.2,BO1,1,41:13,2473,NRG,Team Liquid,WIN,LOSS,NRG,SEASON,Team Liquid,111504634866209754,2024-02-02 22:00:00+00:00
687,54681,LCS,SPRING,2024,2024-02-02,WEEK3,14.2,BO1,1,37:36,2256,Immortals,Cloud9,WIN,LOSS,Immortals,SEASON,Cloud9,111504634866209730,2024-02-02 21:00:00+00:00
688,54158,LCS,SPRING,2024,2024-01-28,WEEK2,14.2,BO1,1,37:23,2243,Immortals,Team Liquid,LOSS,WIN,Team Liquid,SEASON,Immortals,111504634866209752,2024-01-28 23:00:00+00:00
689,54157,LCS,SPRING,2024,2024-01-28,WEEK2,14.2,BO1,1,28:32,1712,FlyQuest,NRG,LOSS,WIN,NRG,SEASON,FlyQuest,111504634866209746,2024-01-28 22:00:00+00:00
690,54156,LCS,SPRING,2024,2024-01-28,WEEK2,14.2,BO1,1,27:26,1646,Cloud9,Shopify Rebellion,LOSS,WIN,Shopify Rebellion,SEASON,Cloud9,111504634866144166,2024-01-28 21:00:00+00:00
691,54155,LCS,SPRING,2024,2024-01-28,WEEK2,14.2,BO1,1,36:38,2198,100 Thieves,Dignitas,WIN,LOSS,100 Thieves,SEASON,Dignitas,111504634866209716,2024-01-28 20:00:00+00:00
692,54154,LCS,SPRING,2024,2024-01-27,WEEK2,14.2,BO1,1,32:14,1934,Shopify Rebellion,Immortals,LOSS,WIN,Immortals,SEASON,Shopify Rebellion,111504634866209708,2024-01-27 23:00:00+00:00
693,54153,LCS,SPRING,2024,2024-01-27,WEEK2,14.2,BO1,1,35:17,2117,Team Liquid,FlyQuest,LOSS,WIN,FlyQuest,SEASON,Team Liquid,111504634866209748,2024-01-27 22:00:00+00:00
694,54152,LCS,SPRING,2024,2024-01-27,WEEK2,14.2,BO1,1,38:41,2321,NRG,100 Thieves,WIN,LOSS,NRG,SEASON,100 Thieves,111504634866209722,2024-01-27 21:00:00+00:00
695,54151,LCS,SPRING,2024,2024-01-27,WEEK2,14.2,BO1,1,26:33,1593,Dignitas,Cloud9,LOSS,WIN,Cloud9,SEASON,Dignitas,111504634866209726,2024-01-27 20:00:00+00:00
696,54037,LCS,SPRING,2024,2024-01-21,WEEK1,14.1,BO1,1,31:15,1875,Dignitas,NRG,LOSS,WIN,NRG,SEASON,Dignitas,111504634866209740,2024-01-21 23:00:00+00:00
697,54036,LCS,SPRING,2024,2024-01-21,WEEK1,14.1,BO1,1,30:52,1852,FlyQuest,Immortals,WIN,LOSS,FlyQuest,SEASON,Immortals,111504634866209744,2024-01-21 22:00:00+00:00
698,54035,LCS,SPRING,2024,2024-01-21,WEEK1,14.1,BO1,1,30:11,1811,Cloud9,100 Thieves,WIN,LOSS,Cloud9,SEASON,100 Thieves,111504634866209714,2024-01-21 21:00:00+00:00
699,54034,LCS,SPRING,2024,2024-01-21,WEEK1,14.1,BO1,1,33:43,2023,Shopify Rebellion,Team Liquid,LOSS,WIN,Team Liquid,SEASON,Shopify Rebellion,111504634866209712,2024-01-21 20:00:00+00:00
700,53712,LCS,SPRING,2024,2024-01-20,WEEK1,14.1,BO1,1,38:26,2306,Immortals,Dignitas,LOSS,WIN,Dignitas,SEASON,Immortals,111504634866209738,2024-01-20 23:00:00+00:00
701,53711,LCS,SPRING,2024,2024-01-20,WEEK1,14.1,BO1,1,30:29,1829,Shopify Rebellion,FlyQuest,LOSS,WIN,FlyQuest,SEASON,Shopify Rebellion,111504634866144170,2024-01-20 22:00:00+00:00
702,53710,LCS,SPRING,2024,2024-01-20,WEEK1,14.1,BO1,1,29:41,1781,NRG,Cloud9,LOSS,WIN,Cloud9,SEASON,NRG,111504634866209732,2024-01-20 21:00:00+00:00
703,53709,LCS,SPRING,2024,2024-01-20,WEEK1,14.1,BO1,1,34:55,2095,100 Thieves,Team Liquid,WIN,LOSS,100 Thieves,SEASON,Team Liquid,111504634866209724,2024-01-20 20:00:00+00:00
704,55603,LEC,WINTER,2024,2024-02-18,FINALS,14.2,BO5,1,29:56,1796,MAD Lions KOI,G2 Esports,WIN,LOSS,MAD Lions KOI,PLAYOFFS,G2 Esports,111561061776880408,2024-02-18 16:00:00+00:00
705,55604,LEC,WINTER,2024,2024-02-18,FINALS,14.2,BO5,2,28:01,1681,MAD Lions KOI,G2 Esports,LOSS,WIN,G2 Esports,PLAYOFFS,MAD Lions KOI,111561061776880409,2024-02-18 16:29:56+00:00
706,55605,LEC,WINTER,2024,2024-02-18,FINALS,14.2,BO5,3,33:39,2019,G2 Esports,MAD Lions KOI,WIN,LOSS,G2 Esports,PLAYOFFS,MAD Lions KOI,111561061776880410,2024-02-18 16:57:57+00:00
707,55606,LEC,WINTER,2024,2024-02-18,FINALS,14.2,BO5,4,33:09,1989,G2 Esports,MAD Lions KOI,WIN,LOSS,G2 Esports,PLAYOFFS,MAD Lions KOI,111561061776880411,2024-02-18 17:31:36+00:00
708,55563,LEC,WINTER,2024,2024-02-17,ROUND4,14.2,BO5,1,31:56,1916,MAD Lions KOI,Team BDS,WIN,LOSS,MAD Lions KOI,PLAYOFFS,Team BDS,111561061776880402,2024-02-17 16:00:00+00:00
709,55564,LEC,WINTER,2024,2024-02-17,ROUND4,14.2,BO5,2,28:30,1710,MAD Lions KOI,Team BDS,WIN,LOSS,MAD Lions KOI,PLAYOFFS,Team BDS,111561061776880403,2024-02-17 16:31:56+00:00
710,55565,LEC,WINTER,2024,2024-02-17,ROUND4,14.2,BO5,3,37:24,2244,Team BDS,MAD Lions KOI,WIN,LOSS,Team BDS,PLAYOFFS,MAD Lions KOI,111561061776880404,2024-02-17 17:00:26+00:00
711,55566,LEC,WINTER,2024,2024-02-17,ROUND4,14.2,BO5,4,32:35,1955,MAD Lions KOI,Team BDS,LOSS,WIN,Team BDS,PLAYOFFS,MAD Lions KOI,111561061776880405,2024-02-17 17:37:50+00:00
712,55567,LEC,WINTER,2024,2024-02-17,ROUND4,14.2,BO5,5,30:20,1820,Team BDS,MAD Lions KOI,LOSS,WIN,MAD Lions KOI,PLAYOFFS,Team BDS,111561061776880406,2024-02-17 18:10:25+00:00
713,55354,LEC,WINTER,2024,2024-02-16,ROUND3,14.2,BO5,1,31:33,1893,Fnatic,MAD Lions KOI,LOSS,WIN,MAD Lions KOI,PLAYOFFS,Fnatic,111561061776880396,2024-02-16 16:00:00+00:00
714,55355,LEC,WINTER,2024,2024-02-16,ROUND3,14.2,BO5,2,28:57,1737,MAD Lions KOI,Fnatic,LOSS,WIN,Fnatic,PLAYOFFS,MAD Lions KOI,111561061776880397,2024-02-16 16:31:33+00:00
715,55356,LEC,WINTER,2024,2024-02-16,ROUND3,14.2,BO5,3,37:13,2233,Fnatic,MAD Lions KOI,LOSS,WIN,MAD Lions KOI,PLAYOFFS,Fnatic,111561061776880398,2024-02-16 17:00:30+00:00
716,55357,LEC,WINTER,2024,2024-02-16,ROUND3,14.2,BO5,4,41:21,2481,MAD Lions KOI,Fnatic,LOSS,WIN,Fnatic,PLAYOFFS,MAD Lions KOI,111561061776880399,2024-02-16 17:37:43+00:00
717,55358,LEC,WINTER,2024,2024-02-16,ROUND3,14.2,BO5,5,33:27,2007,Fnatic,MAD Lions KOI,LOSS,WIN,MAD Lions KOI,PLAYOFFS,Fnatic,111561061776880400,2024-02-16 18:19:04+00:00
718,55295,LEC,WINTER,2024,2024-02-12,ROUND2,14.2,BO3,1,43:05,2585,Fnatic,SK Gaming,LOSS,WIN,SK Gaming,PLAYOFFS,Fnatic,111561061776880386,2024-02-12 19:00:00+00:00
719,55296,LEC,WINTER,2024,2024-02-12,ROUND2,14.2,BO3,2,26:10,1570,SK Gaming,Fnatic,LOSS,WIN,Fnatic,PLAYOFFS,SK Gaming,111561061776880387,2024-02-12 19:43:05+00:00
720,55297,LEC,WINTER,2024,2024-02-12,ROUND2,14.2,BO3,3,33:35,2015,Fnatic,SK Gaming,WIN,LOSS,Fnatic,PLAYOFFS,SK Gaming,111561061776880388,2024-02-12 20:09:15+00:00
721,55292,LEC,WINTER,2024,2024-02-12,ROUND2,14.2,BO3,1,27:06,1626,Team Vitality,MAD Lions KOI,LOSS,WIN,MAD Lions KOI,PLAYOFFS,Team Vitality,111561061776880382,2024-02-12 16:00:00+00:00
722,55293,LEC,WINTER,2024,2024-02-12,ROUND2,14.2,BO3,2,33:26,2006,Team Vitality,MAD Lions KOI,LOSS,WIN,MAD Lions KOI,PLAYOFFS,Team Vitality,111561061776880383,2024-02-12 16:27:06+00:00
723,55287,LEC,WINTER,2024,2024-02-11,ROUND4,14.2,BO5,1,35:03,2103,Team BDS,G2 Esports,LOSS,WIN,G2 Esports,PLAYOFFS,Team BDS,111561061776880390,2024-02-11 16:00:00+00:00
724,55288,LEC,WINTER,2024,2024-02-11,ROUND4,14.2,BO5,2,31:39,1899,G2 Esports,Team BDS,WIN,LOSS,G2 Esports,PLAYOFFS,Team BDS,111561061776880391,2024-02-11 16:35:03+00:00
725,55289,LEC,WINTER,2024,2024-02-11,ROUND4,14.2,BO5,3,28:34,1714,Team BDS,G2 Esports,LOSS,WIN,G2 Esports,PLAYOFFS,Team BDS,111561061776880392,2024-02-11 17:06:42+00:00
726,55035,LEC,WINTER,2024,2024-02-10,ROUND1,14.2,BO3,1,31:05,1865,Team Heretics,SK Gaming,WIN,LOSS,Team Heretics,PLAYOFFS,SK Gaming,111561061776880378,2024-02-10 16:00:00+00:00
727,55036,LEC,WINTER,2024,2024-02-10,ROUND1,14.2,BO3,2,38:36,2316,Team Heretics,SK Gaming,LOSS,WIN,SK Gaming,PLAYOFFS,Team Heretics,111561061776880379,2024-02-10 16:31:05+00:00
728,55037,LEC,WINTER,2024,2024-02-10,ROUND1,14.2,BO3,3,30:10,1810,SK Gaming,Team Heretics,WIN,LOSS,SK Gaming,PLAYOFFS,Team Heretics,111561061776880380,2024-02-10 17:09:41+00:00
729,55032,LEC,WINTER,2024,2024-02-10,ROUND1,14.2,BO3,1,23:07,1387,GIANTX,MAD Lions KOI,LOSS,WIN,MAD Lions KOI,PLAYOFFS,GIANTX,111561061776880374,2024-02-10 19:00:00+00:00
730,55033,LEC,WINTER,2024,2024-02-10,ROUND1,14.2,BO3,2,27:39,1659,GIANTX,MAD Lions KOI,LOSS,WIN,MAD Lions KOI,PLAYOFFS,GIANTX,111561061776880375,2024-02-10 19:23:07+00:00
731,55041,LEC,WINTER,2024,2024-02-05,ROUND2,14.2,BO3,1,32:04,1924,Fnatic,G2 Esports,LOSS,WIN,G2 Esports,PLAYOFFS,Fnatic,111561061776880366,2024-02-05 19:00:00+00:00
732,55042,LEC,WINTER,2024,2024-02-05,ROUND2,14.2,BO3,2,30:43,1843,G2 Esports,Fnatic,LOSS,WIN,Fnatic,PLAYOFFS,G2 Esports,111561061776880367,2024-02-05 19:32:04+00:00
733,55043,LEC,WINTER,2024,2024-02-05,ROUND2,14.2,BO3,3,30:15,1815,Fnatic,G2 Esports,LOSS,WIN,G2 Esports,PLAYOFFS,Fnatic,111561061776880368,2024-02-05 20:02:47+00:00
734,55038,LEC,WINTER,2024,2024-02-05,ROUND2,14.2,BO3,1,29:28,1768,Team Vitality,Team BDS,LOSS,WIN,Team BDS,PLAYOFFS,Team Vitality,111561061776880370,2024-02-05 16:00:00+00:00
735,55039,LEC,WINTER,2024,2024-02-05,ROUND2,14.2,BO3,2,33:57,2037,Team BDS,Team Vitality,WIN,LOSS,Team BDS,PLAYOFFS,Team Vitality,111561061776880371,2024-02-05 16:29:28+00:00
736,54702,LEC,WINTER,2024,2024-02-04,ROUND1,14.2,BO3,1,27:15,1635,Fnatic,MAD Lions KOI,WIN,LOSS,Fnatic,PLAYOFFS,MAD Lions KOI,111561061776880354,2024-02-04 19:00:00+00:00
737,54703,LEC,WINTER,2024,2024-02-04,ROUND1,14.2,BO3,2,48:22,2902,Fnatic,MAD Lions KOI,WIN,LOSS,Fnatic,PLAYOFFS,MAD Lions KOI,111561061776880355,2024-02-04 19:27:15+00:00
738,54699,LEC,WINTER,2024,2024-02-04,ROUND1,14.2,BO3,1,26:42,1602,Team Vitality,SK Gaming,WIN,LOSS,Team Vitality,PLAYOFFS,SK Gaming,111561061776880362,2024-02-04 16:00:00+00:00
739,54700,LEC,WINTER,2024,2024-02-04,ROUND1,14.2,BO3,2,28:13,1693,SK Gaming,Team Vitality,LOSS,WIN,Team Vitality,PLAYOFFS,SK Gaming,111561061776880363,2024-02-04 16:26:42+00:00
740,54696,LEC,WINTER,2024,2024-02-03,ROUND1,14.2,BO3,1,32:08,1928,GIANTX,G2 Esports,LOSS,WIN,G2 Esports,PLAYOFFS,GIANTX,111561061776814814,2024-02-03 19:00:00+00:00
741,54697,LEC,WINTER,2024,2024-02-03,ROUND1,14.2,BO3,2,22:30,1350,GIANTX,G2 Esports,LOSS,WIN,G2 Esports,PLAYOFFS,GIANTX,111561061776814815,2024-02-03 19:32:08+00:00
742,54693,LEC,WINTER,2024,2024-02-03,ROUND1,14.2,BO3,1,31:57,1917,Team Heretics,Team BDS,LOSS,WIN,Team BDS,PLAYOFFS,Team Heretics,111561061776880358,2024-02-03 16:00:00+00:00
743,54694,LEC,WINTER,2024,2024-02-03,ROUND1,14.2,BO3,2,31:52,1912,Team Heretics,Team BDS,LOSS,WIN,Team BDS,PLAYOFFS,Team Heretics,111561061776880359,2024-02-03 16:31:57+00:00
744,54236,LEC,WINTER,2024,2024-01-29,WEEK3,14.1,BO1,1,27:56,1676,G2 Esports,SK Gaming,WIN,LOSS,G2 Esports,SEASON,SK Gaming,111560983140247849,2024-01-29 19:00:00+00:00
745,54235,LEC,WINTER,2024,2024-01-29,WEEK3,14.1,BO1,1,32:06,1926,Team Heretics,Fnatic,LOSS,WIN,Fnatic,SEASON,Team Heretics,111560983140247897,2024-01-29 18:00:00+00:00
746,54234,LEC,WINTER,2024,2024-01-29,WEEK3,14.1,BO1,1,27:20,1640,Karmine Corp,Team BDS,WIN,LOSS,Karmine Corp,SEASON,Team BDS,111560983140247855,2024-01-29 17:00:00+00:00
747,54233,LEC,WINTER,2024,2024-01-29,WEEK3,14.1,BO1,1,35:04,2104,Rogue,GIANTX,LOSS,WIN,GIANTX,SEASON,Rogue,111560983140182291,2024-01-29 16:00:00+00:00
748,54232,LEC,WINTER,2024,2024-01-29,WEEK3,14.1,BO1,1,32:20,1940,MAD Lions KOI,Team Vitality,WIN,LOSS,MAD Lions KOI,SEASON,Team Vitality,111560983140247901,2024-01-29 20:00:00+00:00
749,54231,LEC,WINTER,2024,2024-01-28,WEEK3,14.1,BO1,1,39:23,2363,Team BDS,Rogue,WIN,LOSS,Team BDS,SEASON,Rogue,111560983140182289,2024-01-28 17:00:00+00:00
750,54230,LEC,WINTER,2024,2024-01-28,WEEK3,14.1,BO1,1,27:28,1648,SK Gaming,Karmine Corp,LOSS,WIN,Karmine Corp,SEASON,SK Gaming,111560983140247863,2024-01-28 20:00:00+00:00
751,54229,LEC,WINTER,2024,2024-01-28,WEEK3,14.1,BO1,1,39:40,2380,G2 Esports,Fnatic,WIN,LOSS,G2 Esports,SEASON,Fnatic,111560983140247853,2024-01-28 18:00:00+00:00
752,54228,LEC,WINTER,2024,2024-01-28,WEEK3,14.1,BO1,1,31:53,1913,MAD Lions KOI,GIANTX,LOSS,WIN,GIANTX,SEASON,MAD Lions KOI,111560983140247883,2024-01-28 19:00:00+00:00
753,54227,LEC,WINTER,2024,2024-01-28,WEEK3,14.1,BO1,1,49:23,2963,Team Vitality,Team Heretics,WIN,LOSS,Team Vitality,SEASON,Team Heretics,111560983140247895,2024-01-28 16:00:00+00:00
754,54226,LEC,WINTER,2024,2024-01-27,WEEK3,14.1,BO1,1,31:08,1868,Karmine Corp,Rogue,LOSS,WIN,Rogue,SEASON,Karmine Corp,111560983140182287,2024-01-27 20:00:00+00:00
755,54225,LEC,WINTER,2024,2024-01-27,WEEK3,14.1,BO1,1,26:20,1580,GIANTX,G2 Esports,LOSS,WIN,G2 Esports,SEASON,GIANTX,111560983140247843,2024-01-27 19:00:00+00:00
756,54224,LEC,WINTER,2024,2024-01-27,WEEK3,14.1,BO1,1,39:27,2367,Fnatic,MAD Lions KOI,LOSS,WIN,MAD Lions KOI,SEASON,Fnatic,111560983140247903,2024-01-27 18:00:00+00:00
757,54223,LEC,WINTER,2024,2024-01-27,WEEK3,14.1,BO1,1,30:34,1834,Team Heretics,Team BDS,LOSS,WIN,Team BDS,SEASON,Team Heretics,111560983140247871,2024-01-27 16:00:00+00:00
758,54222,LEC,WINTER,2024,2024-01-27,WEEK3,14.1,BO1,1,33:19,1999,Team Vitality,SK Gaming,LOSS,WIN,SK Gaming,SEASON,Team Vitality,111560983140247905,2024-01-27 17:00:00+00:00
759,53881,LEC,WINTER,2024,2024-01-22,WEEK2,14.1,BO1,1,31:08,1868,Karmine Corp,Team Heretics,LOSS,WIN,Team Heretics,SEASON,Karmine Corp,111560983140247859,2024-01-22 20:00:00+00:00
760,53880,LEC,WINTER,2024,2024-01-22,WEEK2,14.1,BO1,1,31:53,1913,G2 Esports,Team Vitality,LOSS,WIN,Team Vitality,SEASON,G2 Esports,111560983140247851,2024-01-22 19:00:00+00:00
761,53879,LEC,WINTER,2024,2024-01-22,WEEK2,14.1,BO1,1,26:04,1564,Rogue,MAD Lions KOI,LOSS,WIN,MAD Lions KOI,SEASON,Rogue,111560983140182295,2024-01-22 18:00:00+00:00
762,53878,LEC,WINTER,2024,2024-01-22,WEEK2,14.1,BO1,1,28:08,1688,GIANTX,Fnatic,LOSS,WIN,Fnatic,SEASON,GIANTX,111560983140247889,2024-01-22 17:00:00+00:00
763,53877,LEC,WINTER,2024,2024-01-22,WEEK2,14.1,BO1,1,29:09,1749,Team BDS,SK Gaming,WIN,LOSS,Team BDS,SEASON,SK Gaming,111560983140247875,2024-01-22 16:00:00+00:00
764,53876,LEC,WINTER,2024,2024-01-21,WEEK2,14.1,BO1,1,40:20,2420,Team Vitality,Karmine Corp,WIN,LOSS,Team Vitality,SEASON,Karmine Corp,111560983140247865,2024-01-21 20:00:00+00:00
765,53875,LEC,WINTER,2024,2024-01-21,WEEK2,14.1,BO1,1,27:08,1628,SK Gaming,GIANTX,WIN,LOSS,SK Gaming,SEASON,GIANTX,111560983140247885,2024-01-21 19:00:00+00:00
766,53874,LEC,WINTER,2024,2024-01-21,WEEK2,14.1,BO1,1,28:19,1699,Team Heretics,G2 Esports,LOSS,WIN,G2 Esports,SEASON,Team Heretics,111560983140247845,2024-01-21 18:00:00+00:00
767,53873,LEC,WINTER,2024,2024-01-21,WEEK2,14.1,BO1,1,30:54,1854,Fnatic,Rogue,WIN,LOSS,Fnatic,SEASON,Rogue,111560983140182301,2024-01-21 17:00:00+00:00
768,53872,LEC,WINTER,2024,2024-01-21,WEEK2,14.1,BO1,1,32:54,1974,Team BDS,MAD Lions KOI,WIN,LOSS,Team BDS,SEASON,MAD Lions KOI,111560983140247873,2024-01-21 16:00:00+00:00
769,53871,LEC,WINTER,2024,2024-01-20,WEEK2,14.1,BO1,1,35:44,2144,GIANTX,Karmine Corp,WIN,LOSS,GIANTX,SEASON,Karmine Corp,111560983140247857,2024-01-20 20:00:00+00:00
770,53870,LEC,WINTER,2024,2024-01-20,WEEK2,14.1,BO1,1,27:57,1677,Fnatic,Team BDS,LOSS,WIN,Team BDS,SEASON,Fnatic,111560983140247879,2024-01-20 19:00:00+00:00
771,53869,LEC,WINTER,2024,2024-01-20,WEEK2,14.1,BO1,1,31:23,1883,MAD Lions KOI,G2 Esports,LOSS,WIN,G2 Esports,SEASON,MAD Lions KOI,111560983140247847,2024-01-20 18:00:00+00:00
772,53868,LEC,WINTER,2024,2024-01-20,WEEK2,14.1,BO1,1,31:10,1870,SK Gaming,Team Heretics,LOSS,WIN,Team Heretics,SEASON,SK Gaming,111560983140247893,2024-01-20 17:00:00+00:00
773,53867,LEC,WINTER,2024,2024-01-20,WEEK2,14.1,BO1,1,28:42,1722,Rogue,Team Vitality,LOSS,WIN,Team Vitality,SEASON,Rogue,111560983140182299,2024-01-20 16:00:00+00:00
774,53793,LEC,WINTER,2024,2024-01-15,WEEK1,14.1,BO1,1,31:45,1905,Fnatic,SK Gaming,LOSS,WIN,SK Gaming,SEASON,Fnatic,111560983140247907,2024-01-15 20:00:00+00:00
775,53792,LEC,WINTER,2024,2024-01-15,WEEK1,14.1,BO1,1,34:02,2042,MAD Lions KOI,Karmine Corp,WIN,LOSS,MAD Lions KOI,SEASON,Karmine Corp,111560983140247861,2024-01-15 19:00:00+00:00
776,53791,LEC,WINTER,2024,2024-01-15,WEEK1,14.1,BO1,1,34:02,2042,GIANTX,Team Heretics,LOSS,WIN,Team Heretics,SEASON,GIANTX,111560983140247881,2024-01-15 18:00:00+00:00
777,53790,LEC,WINTER,2024,2024-01-15,WEEK1,14.1,BO1,1,37:40,2260,Rogue,G2 Esports,WIN,LOSS,Rogue,SEASON,G2 Esports,111560983140116749,2024-01-15 17:00:00+00:00
778,53789,LEC,WINTER,2024,2024-01-15,WEEK1,14.1,BO1,1,29:31,1771,Team BDS,Team Vitality,WIN,LOSS,Team BDS,SEASON,Team Vitality,111560983140247877,2024-01-15 16:00:00+00:00
779,53788,LEC,WINTER,2024,2024-01-14,WEEK1,14.1,BO1,1,31:36,1896,Team Heretics,Rogue,WIN,LOSS,Team Heretics,SEASON,Rogue,111560983140182293,2024-01-14 20:00:00+00:00
780,53787,LEC,WINTER,2024,2024-01-14,WEEK1,14.1,BO1,1,29:41,1781,Team Vitality,Fnatic,LOSS,WIN,Fnatic,SEASON,Team Vitality,111560983140247909,2024-01-14 19:00:00+00:00
781,53786,LEC,WINTER,2024,2024-01-14,WEEK1,14.1,BO1,1,32:05,1925,Karmine Corp,G2 Esports,LOSS,WIN,G2 Esports,SEASON,Karmine Corp,111560983140182303,2024-01-14 18:00:00+00:00
782,53785,LEC,WINTER,2024,2024-01-14,WEEK1,14.1,BO1,1,30:49,1849,SK Gaming,MAD Lions KOI,WIN,LOSS,SK Gaming,SEASON,MAD Lions KOI,111560983140247899,2024-01-14 17:00:00+00:00
783,53784,LEC,WINTER,2024,2024-01-14,WEEK1,14.1,BO1,1,35:34,2134,Team BDS,GIANTX,WIN,LOSS,Team BDS,SEASON,GIANTX,111560983140247869,2024-01-14 16:00:00+00:00
784,53701,LEC,WINTER,2024,2024-01-13,WEEK1,14.1,BO1,1,27:37,1657,Team Heretics,MAD Lions KOI,LOSS,WIN,MAD Lions KOI,SEASON,Team Heretics,111560983140247891,2024-01-13 20:00:00+00:00
785,53700,LEC,WINTER,2024,2024-01-13,WEEK1,14.1,BO1,1,32:44,1964,GIANTX,Team Vitality,WIN,LOSS,GIANTX,SEASON,Team Vitality,111560983140247887,2024-01-13 19:00:00+00:00
786,53699,LEC,WINTER,2024,2024-01-13,WEEK1,14.1,BO1,1,39:30,2370,Fnatic,Karmine Corp,WIN,LOSS,Fnatic,SEASON,Karmine Corp,111560983140247867,2024-01-13 18:00:00+00:00
787,53698,LEC,WINTER,2024,2024-01-13,WEEK1,14.1,BO1,1,34:40,2080,SK Gaming,Rogue,WIN,LOSS,SK Gaming,SEASON,Rogue,111560983140182297,2024-01-13 17:00:00+00:00
788,53697,LEC,WINTER,2024,2024-01-13,WEEK1,14.1,BO1,1,29:09,1749,G2 Esports,Team BDS,WIN,LOSS,G2 Esports,SEASON,Team BDS,111560983140182305,2024-01-13 16:00:00+00:00
789,57862,LEC,SPRING,2024,2024-04-14,FINALS,14.6,BO5,1,28:31,1711,Fnatic,G2 Esports,WIN,LOSS,Fnatic,PLAYOFFS,G2 Esports,111997906552170321,2024-04-14 15:00:00+00:00
790,57863,LEC,SPRING,2024,2024-04-14,FINALS,14.6,BO5,2,29:06,1746,Fnatic,G2 Esports,LOSS,WIN,G2 Esports,PLAYOFFS,Fnatic,111997906552170322,2024-04-14 15:28:31+00:00
791,57864,LEC,SPRING,2024,2024-04-14,FINALS,14.6,BO5,3,27:44,1664,G2 Esports,Fnatic,WIN,LOSS,G2 Esports,PLAYOFFS,Fnatic,111997906552170323,2024-04-14 15:57:37+00:00
792,57865,LEC,SPRING,2024,2024-04-14,FINALS,14.6,BO5,4,34:57,2097,G2 Esports,Fnatic,WIN,LOSS,G2 Esports,PLAYOFFS,Fnatic,111997906552170324,2024-04-14 16:25:21+00:00
793,57814,LEC,SPRING,2024,2024-04-13,ROUND4,14.6,BO5,1,31:49,1909,Fnatic,Team BDS,LOSS,WIN,Team BDS,PLAYOFFS,Fnatic,111997906552170315,2024-04-13 15:00:00+00:00
794,57815,LEC,SPRING,2024,2024-04-13,ROUND4,14.6,BO5,2,31:19,1879,Fnatic,Team BDS,LOSS,WIN,Team BDS,PLAYOFFS,Fnatic,111997906552170316,2024-04-13 15:31:49+00:00
795,57816,LEC,SPRING,2024,2024-04-13,ROUND4,14.6,BO5,3,35:24,2124,Team BDS,Fnatic,LOSS,WIN,Fnatic,PLAYOFFS,Team BDS,111997906552170317,2024-04-13 16:03:08+00:00
796,57817,LEC,SPRING,2024,2024-04-13,ROUND4,14.6,BO5,4,25:10,1510,Fnatic,Team BDS,WIN,LOSS,Fnatic,PLAYOFFS,Team BDS,111997906552170318,2024-04-13 16:38:32+00:00
797,57818,LEC,SPRING,2024,2024-04-13,ROUND4,14.6,BO5,5,33:17,1997,Team BDS,Fnatic,LOSS,WIN,Fnatic,PLAYOFFS,Team BDS,111997906552170319,2024-04-13 17:03:42+00:00
798,57789,LEC,SPRING,2024,2024-04-08,ROUND3,14.6,BO5,1,31:00,1860,Team Vitality,Fnatic,WIN,LOSS,Team Vitality,PLAYOFFS,Fnatic,111997906552170309,2024-04-08 15:00:00+00:00
799,57790,LEC,SPRING,2024,2024-04-08,ROUND3,14.6,BO5,2,30:37,1837,Team Vitality,Fnatic,LOSS,WIN,Fnatic,PLAYOFFS,Team Vitality,111997906552170310,2024-04-08 15:31:00+00:00
800,57791,LEC,SPRING,2024,2024-04-08,ROUND3,14.6,BO5,3,24:39,1479,Fnatic,Team Vitality,WIN,LOSS,Fnatic,PLAYOFFS,Team Vitality,111997906552170311,2024-04-08 16:01:37+00:00
801,57792,LEC,SPRING,2024,2024-04-08,ROUND3,14.6,BO5,4,42:28,2548,Team Vitality,Fnatic,LOSS,WIN,Fnatic,PLAYOFFS,Team Vitality,111997906552170312,2024-04-08 16:26:16+00:00
802,57673,LEC,SPRING,2024,2024-04-07,ROUND4,14.6,BO5,1,40:02,2402,Team BDS,G2 Esports,LOSS,WIN,G2 Esports,PLAYOFFS,Team BDS,111997906552170303,2024-04-07 15:00:00+00:00
803,57674,LEC,SPRING,2024,2024-04-07,ROUND4,14.6,BO5,2,32:50,1970,G2 Esports,Team BDS,LOSS,WIN,Team BDS,PLAYOFFS,G2 Esports,111997906552170304,2024-04-07 15:40:02+00:00
804,57675,LEC,SPRING,2024,2024-04-07,ROUND4,14.6,BO5,3,21:40,1300,Team BDS,G2 Esports,LOSS,WIN,G2 Esports,PLAYOFFS,Team BDS,111997906552170305,2024-04-07 16:12:52+00:00
805,57676,LEC,SPRING,2024,2024-04-07,ROUND4,14.6,BO5,4,33:43,2023,G2 Esports,Team BDS,WIN,LOSS,G2 Esports,PLAYOFFS,Team BDS,111997906552170306,2024-04-07 16:34:32+00:00
806,57786,LEC,SPRING,2024,2024-04-06,ROUND2,14.6,BO3,1,26:27,1587,MAD Lions KOI,Team Vitality,LOSS,WIN,Team Vitality,PLAYOFFS,MAD Lions KOI,111997906552170295,2024-04-06 17:00:00+00:00
807,57787,LEC,SPRING,2024,2024-04-06,ROUND2,14.6,BO3,2,31:49,1909,MAD Lions KOI,Team Vitality,LOSS,WIN,Team Vitality,PLAYOFFS,MAD Lions KOI,111997906552170296,2024-04-06 17:26:27+00:00
808,57783,LEC,SPRING,2024,2024-04-06,ROUND2,14.6,BO3,1,26:46,1606,Team Heretics,Fnatic,WIN,LOSS,Team Heretics,PLAYOFFS,Fnatic,111997906552170299,2024-04-06 15:00:00+00:00
809,57784,LEC,SPRING,2024,2024-04-06,ROUND2,14.6,BO3,2,32:27,1947,Fnatic,Team Heretics,WIN,LOSS,Fnatic,PLAYOFFS,Team Heretics,111997906552170300,2024-04-06 15:26:46+00:00
810,57785,LEC,SPRING,2024,2024-04-06,ROUND2,14.6,BO3,3,30:06,1806,Team Heretics,Fnatic,LOSS,WIN,Fnatic,PLAYOFFS,Team Heretics,111997906552170301,2024-04-06 15:59:13+00:00
811,57639,LEC,SPRING,2024,2024-04-02,ROUND1,14.6,BO3,1,31:29,1889,MAD Lions KOI,GIANTX,LOSS,WIN,GIANTX,PLAYOFFS,MAD Lions KOI,111997906552170287,2024-04-02 18:00:00+00:00
812,57640,LEC,SPRING,2024,2024-04-02,ROUND1,14.6,BO3,2,26:56,1616,MAD Lions KOI,GIANTX,WIN,LOSS,MAD Lions KOI,PLAYOFFS,GIANTX,111997906552170288,2024-04-02 18:31:29+00:00
813,57641,LEC,SPRING,2024,2024-04-02,ROUND1,14.6,BO3,3,36:10,2170,GIANTX,MAD Lions KOI,LOSS,WIN,MAD Lions KOI,PLAYOFFS,GIANTX,111997906552170289,2024-04-02 18:58:25+00:00
814,57636,LEC,SPRING,2024,2024-04-02,ROUND1,14.6,BO3,1,29:36,1776,SK Gaming,Team Heretics,WIN,LOSS,SK Gaming,PLAYOFFS,Team Heretics,111997906552170291,2024-04-02 15:00:00+00:00
815,57637,LEC,SPRING,2024,2024-04-02,ROUND1,14.6,BO3,2,30:49,1849,Team Heretics,SK Gaming,WIN,LOSS,Team Heretics,PLAYOFFS,SK Gaming,111997906552170292,2024-04-02 15:29:36+00:00
816,57638,LEC,SPRING,2024,2024-04-02,ROUND1,14.6,BO3,3,27:39,1659,Team Heretics,SK Gaming,WIN,LOSS,Team Heretics,PLAYOFFS,SK Gaming,111997906552170293,2024-04-02 16:00:25+00:00
817,57660,LEC,SPRING,2024,2024-04-01,ROUND2,14.6,BO3,1,25:38,1538,G2 Esports,Fnatic,WIN,LOSS,G2 Esports,PLAYOFFS,Fnatic,111997906552170279,2024-04-01 18:00:00+00:00
818,57661,LEC,SPRING,2024,2024-04-01,ROUND2,14.6,BO3,2,21:04,1264,Fnatic,G2 Esports,LOSS,WIN,G2 Esports,PLAYOFFS,Fnatic,111997906552170280,2024-04-01 18:25:38+00:00
819,57657,LEC,SPRING,2024,2024-04-01,ROUND2,14.6,BO3,1,30:57,1857,Team BDS,Team Vitality,LOSS,WIN,Team Vitality,PLAYOFFS,Team BDS,111997906552170283,2024-04-01 15:00:00+00:00
820,57658,LEC,SPRING,2024,2024-04-01,ROUND2,14.6,BO3,2,28:04,1684,Team Vitality,Team BDS,LOSS,WIN,Team BDS,PLAYOFFS,Team Vitality,111997906552170284,2024-04-01 15:30:57+00:00
821,57659,LEC,SPRING,2024,2024-04-01,ROUND2,14.6,BO3,3,34:08,2048,Team BDS,Team Vitality,WIN,LOSS,Team BDS,PLAYOFFS,Team Vitality,111997906552170285,2024-04-01 15:59:01+00:00
822,57457,LEC,SPRING,2024,2024-03-31,ROUND1,14.6,BO3,1,28:06,1686,MAD Lions KOI,G2 Esports,LOSS,WIN,G2 Esports,PLAYOFFS,MAD Lions KOI,111997906552170267,2024-03-31 18:00:00+00:00
823,57458,LEC,SPRING,2024,2024-03-31,ROUND1,14.6,BO3,2,31:22,1882,G2 Esports,MAD Lions KOI,WIN,LOSS,G2 Esports,PLAYOFFS,MAD Lions KOI,111997906552170268,2024-03-31 18:28:06+00:00
824,57454,LEC,SPRING,2024,2024-03-31,ROUND1,14.6,BO3,1,35:24,2124,Team BDS,Team Heretics,WIN,LOSS,Team BDS,PLAYOFFS,Team Heretics,111997906552170275,2024-03-31 15:00:00+00:00
825,57455,LEC,SPRING,2024,2024-03-31,ROUND1,14.6,BO3,2,25:03,1503,Team BDS,Team Heretics,WIN,LOSS,Team BDS,PLAYOFFS,Team Heretics,111997906552170276,2024-03-31 15:35:24+00:00
826,57451,LEC,SPRING,2024,2024-03-30,ROUND1,14.6,BO3,1,28:42,1722,GIANTX,Fnatic,LOSS,WIN,Fnatic,PLAYOFFS,GIANTX,111997906552170263,2024-03-30 19:00:00+00:00
827,57452,LEC,SPRING,2024,2024-03-30,ROUND1,14.6,BO3,2,27:28,1648,GIANTX,Fnatic,LOSS,WIN,Fnatic,PLAYOFFS,GIANTX,111997906552170264,2024-03-30 19:28:42+00:00
828,57448,LEC,SPRING,2024,2024-03-30,ROUND1,14.6,BO3,1,31:33,1893,SK Gaming,Team Vitality,WIN,LOSS,SK Gaming,PLAYOFFS,Team Vitality,111997906552170271,2024-03-30 16:00:00+00:00
829,57449,LEC,SPRING,2024,2024-03-30,ROUND1,14.6,BO3,2,37:59,2279,SK Gaming,Team Vitality,LOSS,WIN,Team Vitality,PLAYOFFS,SK Gaming,111997906552170272,2024-03-30 16:31:33+00:00
830,57450,LEC,SPRING,2024,2024-03-30,ROUND1,14.6,BO3,3,29:15,1755,Team Vitality,SK Gaming,WIN,LOSS,Team Vitality,PLAYOFFS,SK Gaming,111997906552170273,2024-03-30 17:09:32+00:00
831,57447,LEC,SPRING,2024,2024-03-25,TIEBREAKERS,14.5,BO1,1,29:11,1751,SK Gaming,Rogue,WIN,LOSS,SK Gaming,SEASON,Rogue,112158029082863929,2024-03-25 19:45:00+00:00
832,57280,LEC,SPRING,2024,2024-03-25,WEEK3,14.5,BO1,1,29:08,1748,Team BDS,Karmine Corp,WIN,LOSS,Team BDS,SEASON,Karmine Corp,111997906552104671,2024-03-25 19:00:00+00:00
833,57279,LEC,SPRING,2024,2024-03-25,WEEK3,14.5,BO1,1,26:43,1603,Team Vitality,G2 Esports,WIN,LOSS,Team Vitality,SEASON,G2 Esports,111997906552104667,2024-03-25 18:15:00+00:00
834,57278,LEC,SPRING,2024,2024-03-25,WEEK3,14.5,BO1,1,24:26,1466,MAD Lions KOI,Fnatic,WIN,LOSS,MAD Lions KOI,SEASON,Fnatic,111997906552170255,2024-03-25 17:30:00+00:00
835,57277,LEC,SPRING,2024,2024-03-25,WEEK3,14.5,BO1,1,27:03,1623,SK Gaming,Rogue,LOSS,WIN,Rogue,SEASON,SK Gaming,111997906552104649,2024-03-25 16:45:00+00:00
836,57276,LEC,SPRING,2024,2024-03-25,WEEK3,14.5,BO1,1,31:30,1890,GIANTX,Team Heretics,WIN,LOSS,GIANTX,SEASON,Team Heretics,111997906552170233,2024-03-25 16:00:00+00:00
837,57275,LEC,SPRING,2024,2024-03-23,WEEK3,14.5,BO1,1,31:19,1879,Team Heretics,Karmine Corp,WIN,LOSS,Team Heretics,SEASON,Karmine Corp,111997906552104675,2024-03-23 19:00:00+00:00
838,57274,LEC,SPRING,2024,2024-03-23,WEEK3,14.5,BO1,1,37:06,2226,G2 Esports,Rogue,LOSS,WIN,Rogue,SEASON,G2 Esports,111997906552039101,2024-03-23 18:15:00+00:00
839,57273,LEC,SPRING,2024,2024-03-23,WEEK3,14.5,BO1,1,30:06,1806,MAD Lions KOI,Team BDS,WIN,LOSS,MAD Lions KOI,SEASON,Team BDS,111997906552170225,2024-03-23 17:30:00+00:00
840,57272,LEC,SPRING,2024,2024-03-23,WEEK3,14.5,BO1,1,36:36,2196,GIANTX,Team Vitality,WIN,LOSS,GIANTX,SEASON,Team Vitality,111997906552170239,2024-03-23 16:45:00+00:00
841,57271,LEC,SPRING,2024,2024-03-23,WEEK3,14.5,BO1,1,33:59,2039,Fnatic,SK Gaming,WIN,LOSS,Fnatic,SEASON,SK Gaming,111997906552170259,2024-03-23 16:00:00+00:00
842,57270,LEC,SPRING,2024,2024-03-22,WEEK3,14.5,BO1,1,28:17,1697,Karmine Corp,Team Vitality,LOSS,WIN,Team Vitality,SEASON,Karmine Corp,111997906552170217,2024-03-22 19:00:00+00:00
843,57269,LEC,SPRING,2024,2024-03-22,WEEK3,14.5,BO1,1,32:30,1950,Team Heretics,MAD Lions KOI,WIN,LOSS,Team Heretics,SEASON,MAD Lions KOI,111997906552170243,2024-03-22 18:15:00+00:00
844,57268,LEC,SPRING,2024,2024-03-22,WEEK3,14.5,BO1,1,28:08,1688,SK Gaming,G2 Esports,LOSS,WIN,G2 Esports,SEASON,SK Gaming,111997906552104665,2024-03-22 17:30:00+00:00
845,57267,LEC,SPRING,2024,2024-03-22,WEEK3,14.5,BO1,1,36:04,2164,Fnatic,Team BDS,LOSS,WIN,Team BDS,SEASON,Fnatic,111997906552170231,2024-03-22 16:45:00+00:00
846,57266,LEC,SPRING,2024,2024-03-22,WEEK3,14.5,BO1,1,29:03,1743,Rogue,GIANTX,LOSS,WIN,GIANTX,SEASON,Rogue,111997906552104643,2024-03-22 16:00:00+00:00
847,56858,LEC,SPRING,2024,2024-03-18,WEEK2,14.5,BO1,1,42:08,2528,Karmine Corp,SK Gaming,LOSS,WIN,SK Gaming,SEASON,Karmine Corp,111997906552170215,2024-03-18 19:00:00+00:00
848,56857,LEC,SPRING,2024,2024-03-18,WEEK2,14.5,BO1,1,28:20,1700,MAD Lions KOI,Rogue,WIN,LOSS,MAD Lions KOI,SEASON,Rogue,111997906552104647,2024-03-18 18:15:00+00:00
849,56856,LEC,SPRING,2024,2024-03-18,WEEK2,14.5,BO1,1,27:36,1656,GIANTX,G2 Esports,LOSS,WIN,G2 Esports,SEASON,GIANTX,111997906552104659,2024-03-18 17:30:00+00:00
850,56855,LEC,SPRING,2024,2024-03-18,WEEK2,14.5,BO1,1,28:52,1732,Fnatic,Team Vitality,WIN,LOSS,Fnatic,SEASON,Team Vitality,111997906552170261,2024-03-18 16:45:00+00:00
851,56854,LEC,SPRING,2024,2024-03-18,WEEK2,14.5,BO1,1,33:23,2003,Team Heretics,Team BDS,WIN,LOSS,Team Heretics,SEASON,Team BDS,111997906552170223,2024-03-18 16:00:00+00:00
852,56853,LEC,SPRING,2024,2024-03-17,WEEK2,14.5,BO1,1,33:42,2022,G2 Esports,Fnatic,LOSS,WIN,Fnatic,SEASON,G2 Esports,111997906552104669,2024-03-17 19:00:00+00:00
853,56852,LEC,SPRING,2024,2024-03-17,WEEK2,14.5,BO1,1,40:10,2410,SK Gaming,Team Heretics,LOSS,WIN,Team Heretics,SEASON,SK Gaming,111997906552170245,2024-03-17 18:15:00+00:00
854,56851,LEC,SPRING,2024,2024-03-17,WEEK2,14.5,BO1,1,32:59,1979,Karmine Corp,MAD Lions KOI,WIN,LOSS,Karmine Corp,SEASON,MAD Lions KOI,111997906552170213,2024-03-17 17:30:00+00:00
855,56850,LEC,SPRING,2024,2024-03-17,WEEK2,14.5,BO1,1,38:06,2286,Team Vitality,Rogue,WIN,LOSS,Team Vitality,SEASON,Rogue,111997906552104651,2024-03-17 16:45:00+00:00
856,56849,LEC,SPRING,2024,2024-03-17,WEEK2,14.5,BO1,1,32:42,1962,Team BDS,GIANTX,WIN,LOSS,Team BDS,SEASON,GIANTX,111997906552170221,2024-03-17 16:00:00+00:00
857,56848,LEC,SPRING,2024,2024-03-16,WEEK2,14.5,BO1,1,33:24,2004,Rogue,Karmine Corp,WIN,LOSS,Rogue,SEASON,Karmine Corp,111997906552104639,2024-03-16 19:00:00+00:00
858,56847,LEC,SPRING,2024,2024-03-16,WEEK2,14.5,BO1,1,39:00,2340,Team Vitality,MAD Lions KOI,WIN,LOSS,Team Vitality,SEASON,MAD Lions KOI,111997906552170253,2024-03-16 18:15:00+00:00
859,56846,LEC,SPRING,2024,2024-03-16,WEEK2,14.5,BO1,1,29:52,1792,Team Heretics,G2 Esports,LOSS,WIN,G2 Esports,SEASON,Team Heretics,111997906552104661,2024-03-16 17:30:00+00:00
860,56845,LEC,SPRING,2024,2024-03-16,WEEK2,14.5,BO1,1,27:06,1626,Fnatic,GIANTX,WIN,LOSS,Fnatic,SEASON,GIANTX,111997906552170241,2024-03-16 16:45:00+00:00
861,56844,LEC,SPRING,2024,2024-03-16,WEEK2,14.5,BO1,1,38:49,2329,Team BDS,SK Gaming,WIN,LOSS,Team BDS,SEASON,SK Gaming,111997906552170227,2024-03-16 16:00:00+00:00
862,56167,LEC,SPRING,2024,2024-03-11,WEEK1,14.5,BO1,1,30:15,1815,Karmine Corp,G2 Esports,LOSS,WIN,G2 Esports,SEASON,Karmine Corp,111997906552104655,2024-03-11 20:00:00+00:00
863,56166,LEC,SPRING,2024,2024-03-11,WEEK1,14.5,BO1,1,41:48,2508,Fnatic,Team Heretics,LOSS,WIN,Team Heretics,SEASON,Fnatic,111997906552170249,2024-03-11 19:00:00+00:00
864,56165,LEC,SPRING,2024,2024-03-11,WEEK1,14.5,BO1,1,27:07,1627,MAD Lions KOI,GIANTX,LOSS,WIN,GIANTX,SEASON,MAD Lions KOI,111997906552170235,2024-03-11 18:00:00+00:00
865,56164,LEC,SPRING,2024,2024-03-11,WEEK1,14.5,BO1,1,23:08,1388,Team Vitality,SK Gaming,LOSS,WIN,SK Gaming,SEASON,Team Vitality,111997906552170257,2024-03-11 17:00:00+00:00
866,56163,LEC,SPRING,2024,2024-03-11,WEEK1,14.5,BO1,1,32:38,1958,Team BDS,Rogue,WIN,LOSS,Team BDS,SEASON,Rogue,111997906552104641,2024-03-11 16:00:00+00:00
867,56162,LEC,SPRING,2024,2024-03-10,WEEK1,14.5,BO1,1,28:08,1688,G2 Esports,MAD Lions KOI,WIN,LOSS,G2 Esports,SEASON,MAD Lions KOI,111997906552104663,2024-03-10 20:00:00+00:00
868,56161,LEC,SPRING,2024,2024-03-10,WEEK1,14.5,BO1,1,35:37,2137,SK Gaming,GIANTX,WIN,LOSS,SK Gaming,SEASON,GIANTX,111997906552170237,2024-03-10 19:00:00+00:00
869,56160,LEC,SPRING,2024,2024-03-10,WEEK1,14.5,BO1,1,32:29,1949,Karmine Corp,Fnatic,LOSS,WIN,Fnatic,SEASON,Karmine Corp,111997906552170219,2024-03-10 18:00:00+00:00
870,56159,LEC,SPRING,2024,2024-03-10,WEEK1,14.5,BO1,1,32:29,1949,Rogue,Team Heretics,LOSS,WIN,Team Heretics,SEASON,Rogue,111997906552104645,2024-03-10 17:00:00+00:00
871,56158,LEC,SPRING,2024,2024-03-10,WEEK1,14.5,BO1,1,34:31,2071,Team BDS,Team Vitality,LOSS,WIN,Team Vitality,SEASON,Team BDS,111997906552170229,2024-03-10 16:00:00+00:00
872,56157,LEC,SPRING,2024,2024-03-09,WEEK1,14.5,BO1,1,36:47,2207,SK Gaming,MAD Lions KOI,LOSS,WIN,MAD Lions KOI,SEASON,SK Gaming,111997906552170251,2024-03-09 20:00:00+00:00
873,56156,LEC,SPRING,2024,2024-03-09,WEEK1,14.5,BO1,1,31:54,1914,GIANTX,Karmine Corp,LOSS,WIN,Karmine Corp,SEASON,GIANTX,111997906552104673,2024-03-09 19:00:00+00:00
874,56155,LEC,SPRING,2024,2024-03-09,WEEK1,14.5,BO1,1,38:17,2297,G2 Esports,Team BDS,WIN,LOSS,G2 Esports,SEASON,Team BDS,111997906552104657,2024-03-09 18:00:00+00:00
875,56154,LEC,SPRING,2024,2024-03-09,WEEK1,14.5,BO1,1,30:37,1837,Rogue,Fnatic,LOSS,WIN,Fnatic,SEASON,Rogue,111997906552104653,2024-03-09 17:00:00+00:00
876,56153,LEC,SPRING,2024,2024-03-09,WEEK1,14.5,BO1,1,36:02,2162,Team Heretics,Team Vitality,LOSS,WIN,Team Vitality,SEASON,Team Heretics,111997906552170247,2024-03-09 16:00:00+00:00
